ID_פריט,name,pgrp
5,"שום יבש - חו""ל",1
6,עגבניות,1
7,עגבניות שרי צהובות,14
9,חצילים,14
10,קישואים (ירוק),1
11,בטטות,1
12,דלורית,14
14,סלק,14
16,פלפל אדום,1
17,אבטיח גדול,1
20,אשכול בננות {אשכול קטן מהרגיל},1
23,תפוח עץ גראנד (חמצמץ),1
24,אגס נאשי (עגול),1
28,אבוקדו,1
29,רימון סלסלה,1
31,ענבים שחורים זן סייבל - ענבי טלי,1
32,ענבים ירוקים,15
34,שזיף אדום,15
36,נקטרינה,15
38,משמש,15
47,שורש סלרי (עגול),1
48,שורש פטרוזיליה (ארוך),1
52,מארז צמד סלסלאות פטריות טריות לבן/חום,1
53,עלי סלק {לנדא},15
58,לימון (אריזה צהובה),14
60,מנגו,15
61,קלמנטינה,1
65,שקית ואוו קוביות נוגט בציפוי שוקולד חלב,8
67,אננס חתוך,2
68,חיוב וועד בית,0
72,חצאי אפרסק {שימורים},2
73,טחינה 0.5 קילו - אחווה,2
78,אגוזי מלך קלופים,2
82,שקדים טבעי,2
85,אבקת שוקו - קדמה,2
86,סוכר חום דמררה,2
89,גרעיני חמניות קלוף,2
91,קמח מצה,2
92,פירורי לחם מוזהבים,2
95,דבש טבעי - לראש השנה,2
96,שמן זית למאור,2
99,שמן קנולה,2
100,פטריות חתוכות שימורים - קייטי,2
102,שמרים יבשי-ם - פאקא,2
105,"קרטון סטייק טונה חומה בד""ץ העד""ח - קייטי {צהובת סנ",10
113,"כף ח""פ עבה 100 יח' - קייטי (לבן)",2
115,"מזלג ח""פ עבה 100 יח' - קייטי (לבן)",2
116,"סכין ח""פ עבה 100 יח' קייטי (לבן)",2
119,צלחות קטנות 50 יח',2
120,צלחות גדולות 40 יח',2
121,מרקיות 25 יח,2
122,לפתניות 25 יח,2
124,מפות שולחן שמניה,2
125,שקיות אשפה 75/90 (אפור/שחור),2
127,"נייר כסף עבה 200 פיט (רוחב 30 ס""מ)",2
129,תבנית גדולה 10 יח r31,2
131,מגבונים 72 יח - קייטי,2
141,"קרטון חזה עוף קפוא בד""צ בית חלקיה",10
145,"נקנקיות עוף עד""ח - גלאט עוף",11
147,"רולדת וויט פיש אושן גורמה קפוא - העד""ח",11
158,נקנקיות סויה זוגלובק {מ. לאחר הפסח},11
160,ביצים (לבנות) גודל M,1
164,ציפס קפוא - קייטי,11
173,גרעיני תירס מוקפאים - קייטי,11
177,פלפלונים בייבי,1
178,"כבד צלוי קפוא - בד""צ בית חלקיה {משקל חדש}",10
187,תרומה למשפחות תושבי השכונה,0
198,חיוב עבור החזקת התחנה ג,0
202,גרגירי אפונה קפואה - קייטי,10
204,צנונית,1
205,קוסקוס,2
207,שעועית ירוקה חתוכה קפואה קייטי (מ.מ.),11
209,כדורי פלאפל מוכנים קפואים,11
211,קולרבי,14
221,מארז דרג'ה (עדשים צבעוניות),8
227,כוסות (8B) נייר איכותיות 50 יח',2
230,נר חימום 50 יח - איכותי,27
231,בצל,14
233,אבטיח,1
234,לחם פרוס - ברמן,9
238,"לחמניות מחמצת עגולות קלות מקמח כוסמין 100% ",1
248,מפות שולחן 14 יח {אריזה מוגדלת} - (תואם שמינייה),2
252,חטיפי תירס קפוא (בצורות שונות) - זוגלובק,10
285,"מגבת רחצה איכותית 70*130 ס""מ",21
290,"יין יבש קברנה סובניון מסדרת אמפרייל ",3
291,שישית מחיות לתינוק - פריטוב,2
294,פודינג וניל 800 גרם - מיה,2
295,מגב פטנט איכותי,21
298,מטליות מקרופייבר למטבח עשירייה {מארז מוגדל},2
300,מסיר שומנים - סנט מוריץ,2
305,כפפות נטריל m - ללא אבקה,2
306,מטאטא דמוי עץ,21
308,מפות 45 מטר עבה מאוד,2
309,מארז 12 גביעי אחסון חצי ליטר באריזת חיסכון,2
310,מארז 8 גביעי אחסון 1 ליטר (אריזת חיסכון),2
311,"מארז 18 גביעי אחסון 250 מ""ל באריזת חיסכון",2
312,מיכל שטוח 1 קילו שמינייה (מיכלי אחסון),2
313,מיכל מלבני 2 קילו- שביעייה (מיכלי אחסון),2
317,מזלג שקוף 50 יח',2
318,כפית שקופה 50 יח',2
319,סכין שקופה 50 יח',2
320,כף שקופה 50 יח',2
332,תמר מג'הול - ערבה הדרומית,12
333,תבנית אובן 10 יח R2,2
342,ממרח שוקולד,2
343,קטשופ אסם,2
348,קוקוס,2
362,מאגדת חטיפים בציפוי שוקולד - קראש,8
367,חיוב עבור החזקת התחנה (ג),0
368,איסוף מוצרים בתחנה,0
374,"קרטון כרעיים עוף קפוא בד""צ בית חלקיה",10
377,ברוקולי מוקפא {לנדא} - קייטי,11
386,חסה גידולי אדמה {לנדא},1
387,בצל ירוק {לנדא},15
388,כוסברה {לנדא},15
391,סלרי עלים (בשקית) {לנדא},15
392,פטרוזליה {לנדא},15
393,שמיר {לנדא},15
395,זוג שוקולד לבן כרמית,8
396,"קרטון גולש עגל קפוא בד""צ בית חלקיה",10
397,"קרטון בשר טחון קפוא בד""צ בית חלקיה {לא שקיל-מחיר ק",10
398,"בריכה מתנפחת מלבנית גדולה {אורך 260 ס""מ}",21
401,ספגטי (מקלות) - קייטי,2
403,פסטה (צורות) - קייטי,2
409,נקנקיות טבעול,10
412,אפרסק,15
415,אטריות דקיקות למרק קייטי,2
419,קרטון מיץ ענבים אדום תירוש 100% ענבים - קייטי (6 י,2
421,קווקר הכנה מהירה בוואקום {נ.מאינו יהודי},2
422,קורנפלקס תלמה 850 גר' {מ. לאחר הפסח},2
427,במבה אסם מאגדת (ד),2
430,שקית כרובית מוקפאת {לנדא} - קייטי,11
433,מלפפון חמוץ במלח,2
434,מגהץ קיטור טפאל דגם SV8151 - תוצרת צרפת,21
442,תפוח עץ זהוב (צהוב),1
443,בצק עלים - שחף,11
448,"קרטון שוקיים עוף קפוא בד""צ בית חלקיה",10
449,דגני בוקר פירות xl אריזה מוגדלת,2
451,לחם מקמח מלא פרוס - ברמן לעניין  {מ. לאחר הפסח*},9
453,מזרק מים ספוג ארוך,21
454,דבק סטיק גדול אמוס,22
459,סלט חומוס מסעדה - צבר,8
464,לולב דרי מהודר א משנת יוסף (מספר סידורי 2),25
465,לולב דרי מהודר (מספר סידורי 3),25
466,הדסים מהודרים א א משנת יוסף (מספר סידורי 2) {נא לש,26
467,הדסים מהודרים א  (מספר סידורי 3),26
468,אתרוג מהודר א משנת יוסף (מספר סידורי 2),27
469,אתרוג מהודר (מספר סידורי 3),27
474,פרכיות אורז - אריזת ג'מבו,2
483,זוג ראשי דג קרפיון,11
485,לחם פרוס - דגנית עין בר,1
486,לולב דרי מהודר אא משנת יוסף (מספר סידורי 1),25
487,אתרוג מהודר אא משנת יוסף (מספר סידורי 1),27
488,הדסים מהודרים אא משנת יוסף (מספר סידורי 1) {מיון כ,26
489,"אתרוג כשר לברכה (מספר סידורי 4) ",27
490,שומשום בוואקום אריזה מוגדלת,2
491,לולב דרי סגור קורה שוקולד (בסימון מיוחד),25
504,דלעת קטנה,1
505,אתרוג עם פיטם מהודר אא משנת יוסף (מס סידורי 5),27
519,"כפית ח""פ 100 יח' - קייטי (לבן)",2
520,תפוח עץ אדום,1
521,פרי השקד,2
522,שניצל צמחי (סויה) - קייטי (ריבוע כתום),11
524,זיתים,2
525,דגני בוקר קרמים נוגט xl אריזה מוגדלת,2
527,רביעיית שוקולד מריר כרמית {סדרה חדשה},8
528,קרקר - בשקית,2
532,טיטולים פרימיום מידה 4+  חוגלה,2
535,קרטונית נרות מילוי - 6 שעות,27
537,זוג כריות שינה איכותיות,23
538,"תפוח עץ זהוב - חו""ל",15
544,עוגת בוקר רוגעל'ה שוקולד - שפיצר,1
546,קרטון קמח כוסמין 80% (10 יח בקרטון חום) {ישבר},2
547,קרטון בצבע לבן/כחול קמח לבן מנופה (10 יח'),2
549,עוגיות ממולאות תות ברמן,2
559,מאגדת חטיף דמוי ביסלי {באגסי},2
562,אפונה בשימורים - פרי מבורך,2
568,עוגיות מיני שוקולד צ'יפס - אסם,2
569,חמישיית טישו,2
585,סבון כלים פיירי - 1.5 ליטר,2
586,אורז פרסי איכותי בוואקום,2
591,"תבנית ענק 7 יח r99 ",2
596,ביסלי גדול אסם,2
597,יין גן עדן מתוק - תווית חום כהה,2
601,סוכר עשירייה,2
603,מארז פרכיות אורז מיני (8 יח' במארז),2
606,ג'ל כביסה פרסיל - 3.8 ליטר,2
607,שקית גרגירי חומוס מוקפאים,11
608,קרטון בצבע כתום/חום קמח כוסמין 80 - שטיבל,2
610,קמח מלא 80% {ישבר} - קרטון (10 יח' בקרטון חום),2
648,סכין ויקטורינוקס משונן - סיומת עגולה,21
657,משלוח איסוף,0
660,עוגיות קוקוס - פרנקלס {קייטי} (כחול),2
662,עוגיות לקפה - ברמן,2
663,חיוב עבור החזקת התחנה ערבי חגים ה,0
665,בייגלה שמיניות מלח - מאיר בייגל,2
667,איגלו 70 יחי - מיוחד לקייץ!,2
668,קרטונית שקיות שתיה 30 יח' (פופלי בומבה),2
671,קרטון קמח כוסמין 80 - בר ולחם {קרטון חום},2
680,קרטון ביסקוויט פתיבר 1.6 קילו קייטי,2
681,מאגדת מיני מוו שוקולד (עם קצפת),8
684,רביעיית מעדני סימפלי פרוט 0% שומן מולר,8
688,"מאגדת יוגורט במתיקות מעודנת 1.2% ",8
696,מכשיר חשמלי פאואר קיטשן (פיצה מייקר)- לימו,21
699,גבינת שמנת 25% - הכפרייה,8
703,פופקורן בוואקום - מיה,2
706,נייר אפייה 50 יח',2
708,אבקת כביסה אריאל 7 קג,2
711,ריצ' בסיס להכנת קצפת צמחית,8
715,קורנפלקס 750 גרם  - קייטי,2
719,רסק/רוטב עגבניות 22 (4 קופסאות) - פרי מבורך,2
720,דובשניות ברמן (בשקית),2
736,שישיית גרביונים בצבע לבן 70 דנייר מידה 8-10,6
738,שישיית גרביונים בצבע לבן 70 דנייר מידה 12-14,6
740,אטריות,2
741,פתיתים אפויים,2
742,טבעות זיתים ירוקים - שימורים,2
756,גרנולה שקדים ואגוזים - מיה,2
757,"גריסי פנינה בוואקום ",2
764,חומוס בשימורים - פרי מבורך,2
771,אורז בסמטי בוואקום 1 קילו,2
772,פיתה עגולה,9
773,"קרטון פרגית עוף קפוא בד""צ בית חלקיה",10
784,זוג ציציות מוכנות לילדים מידה 2,6
785,שישיית פחיות משקה אנרגיה מוגז - BLU,2
805,שישיית גרביונים בצבע לבן 70 דנייר מידה 6-8,6
806,שישיית גרביונים בצבע לבן 70 דנייר מידה 4-6,6
821,שקדי מרק,2
831,סיילין - תמיסה לשבת,6
838,נשנושים שמנת בצל - בייגל בייגל {מ. לאחר הפסח},2
839,מגירון פלסטיק 4 קומות - XL,21
840,"קרש גיהוץ איכותי 122*38 ס""מ",22
843,גביעי גלידה 24 יחי - עלמה,2
859,נרתיק וואקום ללולב,25
862,בייבי שף תפוח אדמה קטן לאפייה (זני גורמה) (אריזה ב,14
874,שקיות מזון 250 יח - קרטונית,2
875,שקיות הקפאה 250 יח - קרטונית,2
877,טונה במים רביעיה - קייטי,2
882,"קרטון כנפיים עוף קפוא בד""צ בית חלקיה (מ.מ.)",10
888," תפוח אדמה אדום 5 קילו",14
893,חלב 1 ליטר קרטונית - קייטי,8
895,מאגדת מעדן וניל - טרה,8
896,קוטג' 250 גר' - טרה,8
897,גביע יוגורט Bio קרמי מולר,8
899,רביעיית שמנת חמוצה טרה,8
905,גבינה צהובה 500 גר' - נעם (אריזת וואקום) (מ.מ),8
907,תמיסה לעדשות דיספו,6
911,בריכה לפעוטות - מתנפחת,21
912,משאבת אופניים גדולה,21
918,צידנית מתקפלת עם ידיות מתכת,21
921,מברשת שיער מלבנית איכותית,21
926,כדורי פלא צום,27
927,שקית פרוסות דג סלמון מעושן קפוא,10
928,"קרטון פילה דג נסיכת הנילוס קפוא עד""ח - קייטי",10
938,ספרי הגנה באריזה מוגדלת - סאן קייר,21
944,קלסר טבעות גדול A4,21
948,מרכך כביסה מרוכז,2
952,שמפו פינוק - כחול,2
954,רולדה גפילטע פיש 0.5 קילו,10
956,מארז פנקסים קטנים גודל 1,22
957,"מאגדת חטיפים תן צאפ מיה {8 יחידות} ",2
961,כוסות חד פעמי רגיל 75 יח - דלוקס/יהלום,2
962,מגבת פנים איכותית,21
970,אתרוג תימני מהודר אא משנת יוסף (סידורי 6),27
973,יין קליל - יקבי ציון,2
989,"טונה בשמן רביעייה ",2
994,"קרטון סטייק אנטריקוט פרוס קפוא בד""צ בית חלקיה",10
995,קרטון מנות פילה סלמון נורווגי עם עור,11
996,"קרטון סטייק טונה בהירה בד""ץ העד""ח - קייטי",11
1002,אטבי כביסה איכותיים,21
1008,קאלק 00 ניקוי אסלות - סנו {מ.מ.},2
1010,ראש כרוב אדום גדול {לנדא} {שקית},15
1011,ראש כרוב לבן גדול {לנדא} {שקית},15
1013,מברשת לניקוי בקבוקים (דמוי אוונט),21
1017,בקבוקים לתינוק שישייה -Tulips,21
1019,דלורית קטנה (s),14
1026,שעועית בוואקום 1 קילו,2
1035,גליליות ממולאות קרם אגוזים - עלמה,2
1036,חומוס בוואקום 900 גרם,2
1037,"צבעי פסטל ג'יוטו ",21
1040,סוכרזית ביסקול,2
1045,גזר,14
1048,משקפת ים איכותית בקופסא - לנוער,21
1049,מפיות אלגנט 20 יח דוגמאות שונות,2
1050,"אבוב ים שחור 90 ס""מ (מ.מ.)",21
1052,"חיוב עבור החזקת התחנה ב ",0
1054,"קרקר דק עם דגנים מלאים ""כפרי"" - fitness",2
1061,נייר טואלט 16 גלילים כפולים {סגול תכלת},2
1062,נייר סופג גלילים כפולים,2
1066,אגס,1
1067,"לחם פרוס מחיטה מלאה - דגנית עין בר ",1
1070,שלוקים נשברים לשתים,2
1074,שזיף,15
1075,מלפפון 1 קילו,14
1078,דלי חול עגול,21
1079,מנעול לאופניים מספרים,22
1084,צמרוני אזניים עץ 500 יח - קופסת פלסטיק,21
1093,קינואה בוואקום 500 גרם - מיה,2
1103,"תבנית סיליקון מיני מגנום 8 שקעים ",21
1104,תפוח עץ סמיט (ירוק) {פלסטיק אדום},1
1113,מפצל 3 שקעים,21
1133,"תחליב רחצה הוואי {סדרה מחודשת} ",2
1134,קרטון ממתק גליליות וופל בציפוי שוקולד חלב עם מילוי,8
1135,סנו קל - רסס וכבס,2
1144,רוטב צ'ילי מתוק,2
1147,"שלישייה נורות לד 12W ",21
1149,חטיף תירס אפוי פאף פיקנטי {12 יח},2
1156,רסס נגב - סנו,2
1160,"ביסקוויט חיות 1.5 ק""ג קרטון לבן ארוך",2
1171,מלפפון חמוץ במלח 18-25 בני דרום,2
1174,חיוב עבור החזקת התחנה א,0
1180,עגבניות שרי אדומות,1
1182,רביעיית סוגרי בטיחות לארון שתי דלתות,21
1185,"קולבים לחצאית ",21
1188,"אצבעות פלסטלינה ",21
1203,חמאת בטנים טבעית 1 קילו -  B&D,2
1205,נפוליטנים מריר 150 גר' (שחור) - גרוס,8
1230,כסא פלסטיק לבן,22
1236,מלחיית קפיץ המקורית - תוצרת איטליה,22
1269,שעון שבת מכאני - 24 שעות,21
1284,מלקחיים - מתכת,21
1290,גוף תאורה תלוי בעיצוב יוקרתי - דגם cleo זהב,21
1294,וילון אמבטיה יוקרתי 1.8*1.8,21
1307,פלטת שבת גדולה 4 סירים,21
1313,מרגרינה - פוליבה,8
1314,"שוקו בבקבוק 250 מ""ל טרה",8
1340,סלט חומוס לבנוני - צבר,8
1345,וופלים,2
1353,גלגל ים מותגים ילדות (הלו קיטי/מיני מאוס),22
1355,עט פיילוט 0.4 שחור יחידה !!!,22
1357,סט 5 עטי פיילוט 0.4,22
1358,עט פיילוט מחיק 0.4 כחול יחידה !!!,22
1371,מארז 9 מחברות חשבון (40 דף),21
1376,בלוק ציור (240 גר'),22
1387,קלמר 2 תאים - בנות,21
1399,מדבקות שם דגם ארטיקים,23
1401,גליל ניילון שקוף לעטיפת ספרים - עבה במיוחד,21
1402,סט 12 לורדים ג'יוטו,21
1404,שלישיית דבק סטיק קטן - U,21
1405,עט טיפקס - UNI,22
1408,מחדד עם מיכל - אייזן,22
1410,מארז 20 עטיפות ניילון למחברת A5 שקוף - עבה במיוחד,21
1412,סט הדגשה 4 צבעים - איכותי,21
1415,צבעי שמן - אומגה,21
1416,וופלים מצופים 40 יח,8
1418,מספריים קטנות יחידה!!!,22
1423,גלשן לילדים לים ולבריכה,21
1431,בורקס קפוא תפוא,11
1442,דופן איכותית לסוכה,25
1447,ארגז כלי עבודה מפלסטיק,21
1448,"אירגונית לברגים שקופה פלסטיק ",21
1449,סט מברגי שען,21
1451,סולם 5 שלבים - אלומניום,22
1454,"סט 7 מברגים איכותיים בגדלים שונים ",21
1456,קטר,21
1457,פלייר פטנט ידיות גומי,21
1458,פלייר,21
1459,מד מטר (מטר/רולטקה),21
1460,פטיש טפסן,21
1461,אקדח דבק חם,21
1463,אזיקון 3.5*350,21
1464,אזיקון 4.8*500,21
1465,מיטה מתקפלת דקורטיבית,23
1466,שולחן מתקפל פלסטיק,23
1467,ספסל מתקפל,23
1469,גוף תאורה לד - מוגן מים,22
1470,כבל מאריך 3 מטר,21
1471,כבל מאריך 5 מטר,21
1474,מפצל 6 שקעים + כבל ומפסק,21
1478,"אבקת וניש קליה לבן גדול 1.5 ק""ג - אריזה מוגדלת",2
1481,קערות עגולות שקופות,2
1490,"קרטון מושט (פילה אמנון) עם עור עד""ח - קייטי",10
1491,מלאוח - שחף,11
1500,איגלו - פופס קידס,2
1501,מקלוני חוט דנטלי,21
1502,ממרח טונה - רביעייה (צהוב),2
1504,ניילון נצמד 150 מטר,2
1533,עוגיות ש. ציפס - גלילית,2
1535,"מעטפות ארוכות ",21
1536,מעטפות קצרות,21
1543,"קרטון עוף שלם קפוא בד""צ בית חלקיה",10
1546,"קרטון מושט (פילה אמנון) עם פס עור עד""ח - קייטי",11
1547,סלט חומוס 850 גרם צבר,8
1551,"סחוג אדום - My VILLAGE {בד""ץ בית חלקיה}",8
1558,שניצל תירס - זוגלובק,11
1563,מאגדת מיני מרשמלו מצופה לקלוקים,2
1575,נייר חתוך לשבת 800 (4 במארז),2
1578,סלסלה חסה קריספית (לאליק) {לנדא},15
1596,מכשיר טוסטר להכנת וופל בלגי - לימו,21
1611,נורת לד עגולה צמודת תקרה מסגרת לבנה - 24W,21
1632,שוקולד צ'יפס (נטיפי שוקולד מריר) - אופנהיימר,8
1634,פיתות מקמח כוסמין,9
1635,דלעת קטנה (יפנית),1
1638,חטיף תן צ'אפ מיה,2
1644,טבליות למדיח כלים פיניש אול אין וואן 72 יח',2
1649,"מידנית לבקבוק ",21
1650,"חטיף מקלוני תירס (20 יחידות) ",2
1653,דגני בוקר שוקו וניל xl אריזה מוגדלת,2
1654,מאוורר 3 ב-1,21
1655,תירס שימורים 340 גרם - קייטי,2
1676,מדבקות שם דגם בובה פרחים,22
1681,תיק גן בנות - מותגים,21
1682,דפי ממו צבעוניים,21
1694,מספריים איכותיות לגזירת בד - קנגרו,21
1697,מאוורר רצפתי 14 אינצ',21
1701,בימבה ג'וק,22
1708,מיקרוגל מכני 20 ליטר - לימו,21
1721,"כיסוי אוניברסלי לקרש גיהוץ ",21
1729,"חוט טבעי - העד""ח",21
1731,כסא ילדים איכותי,23
1752,מרשמלו 100 גר' - כרמית,8
1753,כעכים אפויים בקופסא,2
1766,בייגלה שטוחלה - מאיר בייגל,2
1771,מארז 9 כוסיות לנרות - עם רגל,21
1775,תבנית אינגליש קייק 20 יח r88,2
1821,חמוציות ללא סוכר,2
1822,"גבינת שמנת שום שמיר 25% - הכפרייה	",8
1830,דובוני ג'לי ויטמין C - אריזת חיסכון {1},2
1834,עדשות מגע חודשיות מס' -1.75,6
1835,עדשות מגע חודשיות מס' -2,6
1836,עדשות מגע חודשיות מס' -2.25,6
1839,עדשות מגע חודשיות מס' -3,6
1840,עדשות מגע חודשיות מס' -3.25,6
1841,עדשות מגע חודשיות מס' -3.5,6
1842,עדשות מגע חודשיות מס' -3.75,6
1843,עדשות מגע חודשיות מס' -4,6
1844,עדשות מגע חודשיות מס' -4.25,6
1845,עדשות מגע חודשיות מס' -4.5,6
1847,עדשות מגע חודשיות מס' -5,6
1849,עדשות מגע חודשיות מס' -5.5,6
1851,עדשות מגע חודשיות מס' -6,6
1858,גופיות V חצי שרוול מידה S - שלישייה,6
1859,גופיות V חצי שרוול מידה M - שלישייה,6
1860,גופיות V חצי שרוול מידה L - שלישייה,6
1861,גופיות V חצי שרוול מידה XL - שלישייה,6
1864,"זוג קוצצי ציפורניים ",21
1922,לבנים צבעוניות ילדות שמינייה מידה 2-4,6
1923,לבנים צבעוניות ילדות שמינייה מידה 4-6,6
1924,לבנים צבעוניות ילדות שמינייה מידה 6-8,6
1925,לבנים צבעוניות ילדות שמינייה מידה 8-10,6
1926,לבנים צבעוניות ילדות שמינייה מידה 10-12,6
1927,לבנים צבעוניות ילדות שמינייה מידה 12-14,6
1928,גופיות ילדים כתפיות - מידה 4 שלישייה,6
1929,גופיות ילדים כתפיות - מידה 6 שלישייה,6
1930,גופיות ילדים כתפיות - מידה 8 שלישייה,6
1931,גופיות ילדים כתפיות - מידה 14 שלישייה,6
1932,גופיות ילדים כתפיות - מידה 16 שלישייה,6
1933,גופיות ילדים כתפיות - מידה 10 שלישייה,6
1934,גופיות ילדים כתפיות - מידה 12 שלישייה,6
1935,גופיית ילדות כתפיות מידה 6 - שלישייה,6
1936,גופיית ילדות כתפיות מידה 8 - שלישייה,6
1937,גופיית ילדות כתפיות מידה 4 - שלישייה,6
1938,גופיית ילדות כתפיות מידה 10 - שלישייה,6
1939,גופיית ילדות כתפיות מידה 12 - שלישייה,6
1940,גופיית ילדות כתפיות מידה 14 - שלישייה,6
1941,גופיית ילדות כתפיות מידה 16 - שלישייה,6
1948,"פתיל דק - בד""ץ העד""ח",6
1949,"פתיל עבה - בד""ץ העד""ח",6
1950,זוג ציציות מוכנות לילדים מידה 4,6
1951,זוג ציציות מוכנות לילדים מידה 5,6
1952,זוג ציציות מוכנות לילדים מידה 6,6
1953,זוג ציציות מוכנות לילדים מידה 3,6
1985,ארון שירות פלסטיק גדול - כתר,21
1990,מסקינטייפ (דבק נייר),21
1996,שישיית גרביונים בצבע לבן 70 דנייר מידה 14-16,6
2003,מיקס כדורי דגנים מצופים שוקולד חלב - כרמית אדום,8
2007,דבק מהיר - עשירייה,21
2016,תיק טיולים 3 תאים,23
2030,שישיית ירכוני נשים 40 דנייר מלון - colanta,6
2065,עט נצנצים מארז שישיה,21
2074,גופיית ילדות כתפיות מידה 2 - שלישייה,6
2075,גופיות ילדים כתפיות - מידה 2 שלישייה,6
2077,גופיות גברים כתפיות מידה S - שלישייה,6
2078,גופיות גברים כתפיות מידה M - שלישייה,6
2079,גופיות גברים כתפיות מידה L - שלישייה,6
2080,גופיות גברים כתפיות מידה XL- שלישייה,6
2081,גופיות גברים כתפיות מידה XXL - שלישייה,6
2083,דלי קליי,21
2090,ציצית מוכנה לגברים מידה 9,6
2091,לבנים צבעוניות ילדות שמינייה מידה 14-16,6
2096,שולחן עץ מתקפל,23
2100," משחק סחרחורת  - מבית לחיים",23
2109,הדסים כשרים לברכה (מספר סידורי 4) (ללא מגש),26
2112,אתרוג תימני מהודר א משנת יוסף (סידורי 7),27
2125,וופל קראנצ' בטעם שוקולד,2
2150,טחינה משומשום מלא - אחווה,2
2154,"קרטון ירכיים עוף קפוא בד""צ בית חלקיה",10
2155,"קרטון עוף מחולק (מפורק) קפוא בד""צ בית חלקיה",10
2156,"קרטון שניצל קפוא בד""צ בית חלקיה",10
2277,מארז 3 ספרוני לימינציה מסדרת אלי לומד - חגים,21
2280,גליליות ממולאות קרם שוקולד (חום),2
2372,משאבה ניפוח ידנית לבריכות וגלגלי ים,21
2374,קפיץ מתכת לסתימות,21
2380,שישיית גרביונים לנשים 40 דנייר מלון - colanta -מיד,6
2381,שישיית גרביונים לנשים 40 דנייר מלון - colanta -מיד,6
2382,שישיית גרביונים לנשים 40 דנייר מלון - colanta -מיד,6
2383,שישיית גרביונים לנשים 40 דנייר מלון - colanta -מיד,6
2384,זוג גופיות ציצית לילדים - מידה 2,6
2385,זוג גופיות ציצית לילדים - מידה 4,6
2396,חליפת טריקו מעבר לילדות - מידה 2,6
2397,חליפת טריקו מעבר לילדות - מידה 4,6
2398,חליפת טריקו מעבר לילדות - מידה 6,6
2399,חליפת טריקו מעבר לילדות - מידה 8,6
2423,רביעייה ביסלי גריל אסם,2
2426,פיצרלה מגורדת - יבנה,8
2427,סטיביה - בוטיק {24},4
2431,כותונת קייצית לילדות - מידה 4,6
2450,כותונת קייצית לילדות - מידה 6,6
2451,כותונת קייצית לילדות - מידה 8,6
2452,כותונת קייצית לילדות - מידה 10,6
2453,כותונת קייצית לילדות - מידה 12,6
2454,כותונת קייצית לילדות - מידה 14,6
2458,מיני דקליות אחווה,2
2460,זוג גופיות ציצית לילדים - מידה 6,6
2469,רשת הצללה עם לולאות (4*3),21
2486,"מלון יחידה!!! ",1
2488,תיק נסיעות ארוך מבד,21
2489,"תיק אוכל צד - שחור ",21
2565,גופיות V חצי שרוול מידה XXL - שלישייה,6
5003,"שעון יד קסיו ",22
5007,גליל נייר לעטיפת ספרים דגם קיץ מתוק,21
5016,חליפת טריקו מעבר לילדים - מידה 2,6
5017,חליפת טריקו מעבר לילדים - מידה 4,6
5018,חליפת טריקו מעבר לילדים - מידה 6,6
5019,חליפת טריקו מעבר לילדים - מידה 8,6
5020,זוג גופיות ציצית לילדים - מידה 8,6
5021,מיני מגירון 3 קומות,21
5024,גרילנדה עם תקע,21
5025,שטיח דשא סינטטי לסוכה 2*4 מטר,22
5026,שטיח דשא סינטטי לסוכה  2*3 מטר,22
5027,מזרן ספוג - יחיד,25
5028,פלייר שפיץ,21
5032,לפתנית אלגנט שקופה - אריזה מוגדלת,2
5036,טבעות בצל מצופות קפואות - קייטי (ריבוע חום),10
5045,אתרוג מרוקאי עם פיטם מהודר אא משנת יוסף (מס' סידור,27
5047,חמישיית בקבוקוני הפלא - לשמירת ההדסים והערבות,25
5120,"ספאטון בטעם תפוח בד""ץ העד""ח {2}",2
5136,עוגיות חצי ירח - תירוש,8
5141,שישיית גרביונים לילדות 48 דנייר מלון - מידה 6-8,6
5142,שישיית גרביונים לילדות 48 דנייר מלון - מידה 8-10,6
5143,שישיית גרביונים לילדות 48 דנייר מלון - מידה 10-12,6
5144,שישיית גרביונים לילדות 48 דנייר מלון - מידה 12-14,6
5145,שישיית גרביונים לילדות 48 דנייר מלון - מידה 4-6,6
5149,זוג חולצות בסיס לבנות - מידה 6,6
5150,זוג חולצות בסיס לבנות - מידה 8,6
5151,זוג חולצות בסיס לבנות - מידה 10,6
5152,זוג חולצות בסיס לבנות - מידה 12,6
5153,זוג חולצות בסיס לבנות - מידה 14,6
5172,עט טיפקס - סיבורס,22
5180,רביעיית לבן - טרה,8
5185,זוג לורדים דקים - זהב וכסף,21
5189,גבינה 5% - טרה,8
5204,קרטונית נרות מילוי - 4 שעות,8
5233,משחק מגנטים בקופסא + רכב,21
5300,תמיסה לעדשות יוניקה,6
5306,עדשות מגע חודשיות מס ' -7.5,6
5310,זוג חולצות בסיס לבנות - מידה 18,6
5339,טיפקס רולר 12 מטר,21
5342,20 עטיפות ניילון לספר גדול - עבה,22
5353,שישיית לורדים מחיקים - טנפון,21
5369,שעון דיגיטאלי לילדים - שחור,23
5372,שעון מעורר מחוגים,22
5376,זוג חולצות בסיס לבנות - מידה 16,6
5377,זוג גופיות ציצית לילדים - מידה 10,6
5378,עדשות מגע חודשיות מס' -8,6
5379,עדשות מגע חודשיות מס' -8.5,6
5383,שישיית ירכוני נשים 60 דנייר מלון - colanta,6
5384,שישיית ירכוני נשים 50 דנייר אטום מלון - colanta,6
5401,שולחן מתקפל ג'מבו מפלסטיק,23
5404,אקדח סיכות מתכת,21
5406,סיכות לאקדח 13/8 - 5000 יח,21
5471,ספר משחקינגליש - יעל רוטנברג,21
5609,שישיית גרביונים לנשים 40 דנייר ויזון - colanta -מי,6
5610,שישיית גרביונים לנשים 40 דנייר ויזון - colanta -מי,6
5611,שישיית גרביונים לנשים 40 דנייר ויזון - colanta -מי,6
5612,שישיית גרביונים לנשים 40 דנייר ויזון - colanta -מי,6
5619,רביעיית שוקולד חלב כרמית {סדרה חדשה},8
5622,מכנס פיג'מה לגבר (פרנץ' טרי) - מידה L,6
5625,זוג חולצות טריקו קצרות לילדים (גוונים קייציים) מיד,6
5626,זוג חולצות טריקו קצרות לילדים (גוונים קייציים) מיד,6
5627,זוג חולצות טריקו קצרות לילדים (גוונים קייציים) מיד,6
5628,זוג חולצות טריקו קצרות לילדים (גוונים קייציים) מיד,6
5648,עמודון פלסטיק שחור 5 קומות - כתר,21
5653,סילאן טבעי עם פקק לחיץ,2
5670,"מארז 10 דפי יצירה בחול ",21
5681,חולצת טריקו לגבר (פיג'מה) שרוול קצר - מידה S,6
5682,חולצת טריקו לגבר (פיג'מה) שרוול קצר - מידה M,6
5683,חולצת טריקו לגבר(פיג'מה) שרוול קצר - מידה L,6
5684,חולצת טריקו לגבר (פיג'מה) שרוול קצר - מידה XL,6
5685,חולצת טריקו לגבר (פיג'מה) שרוול קצר - מידה 2XL,6
5690,מכנס בגד ים גבר - מידה S,6
5699,כותונת קייצית לילדות - מידה 16,6
5739,סלט חומוס עם חריף - צבר,8
5751,קמח כוסמין לבן (10 קילו) - שטיבל,2
5752,"כוסות (10 OZ) לשתיה חמה גדולות ",2
5753,שישיית ירכוני נשים 50 דנייר אטום ויזון - colanta,6
5762,קופסת אחסון {סגירה הרמטית} עם רשת בתחתית לפירות קי,21
5764,רשת הצללה עם לולאות (4*4),21
5804,מדבקות שם דגם דובי,22
5812,סיגרים קפואים במילוי בשר - סימי,10
5813,תערובת ירקות העונה מוקפאים - קייטי,10
5825,מכשיר פלאפון כשר מאושר - ikosher,21
5826,קרטונית חטיפי אנרגיה מיקס אגוזים ושקדים - דרך הטבע,2
5835,ניפוץ לשמה - פתיל עבה,6
5836,שישיית גרביונים לילדות 48 דנייר מלון - מידה 14-16,6
5837,שישיית ירכוני נשים 40 דנייר ויזון - colanta,6
5888,ערכת יצירה יהלומים מבריקים - גדול,21
5907,קוביות אננס קפוא {אריזה מוגדלת} - קייטי,11
5908,קוביות מנגו קפוא {אריזה מוגדלת} - קייטי,11
5911,חמישיית דפים מגנטיים לתמונות,21
5913,אתרוג מרוקאי עם פיטם מהודר א משנת יוסף (מס' סידורי,27
5978,שישיית גרביונים לילדות 50 דנייר אטום מלון - מידה 4,6
5979,שישיית גרביונים לילדות 50 דנייר אטום מלון - מידה 6,6
5980,שישיית גרביונים לילדות 50 דנייר אטום מלון - מידה 8,6
5981,שישיית גרביונים לילדות 50 דנייר אטום מלון - מידה 1,6
5982,שישיית גרביונים לילדות 50 דנייר אטום מלון - מידה 1,6
5983,שישיית גרביונים לילדות 50 דנייר אטום מלון - מידה 1,6
5994,מלפפון,15
6036,סדין ניילון פרימיום למיטת נוער - פאואר,21
6051,שישיית גרביונים לנשים 70 דנייר אטום מלון - colanta,6
6054,שישיית גרביונים לנשים 70 דנייר אטום מלון - colanta,6
6056,עדשות מגע יומיות - מידה 2.25,6
6058,עדשות מגע יומיות - מידה 2.75,6
6060,עדשות מגע יומיות - מידה 3.25,6
6061,עדשות מגע יומיות - מידה 3.5,6
6062,עדשות מגע יומיות - מידה 3.75,6
6063,עדשות מגע יומיות - מידה 4,6
6065,עדשות מגע יומיות - מידה 4.5,6
6067,עדשות מגע יומיות - מידה 5,6
6069,עדשות מגע יומיות - מידה 5.5,6
6070,עדשות מגע יומיות - מידה 5.75,6
6071,עדשות מגע יומיות - מידה 6,6
6102,עוגיות עם ריבה בדלי,2
6105,עוגיות ממולאות קרם בטעם שוקולד מיני רוליקס,2
6107,קרטון קמח מולינו ללא גלוטן - {ללחם וחלות המוציא},2
6154,שישיית גרביוני כותנה לבן בדיגום עדין מידה 2-3,6
6155,שישיית גרביוני כותנה לבן בדיגום עדין מידה 3-4,6
6156,שישיית גרביוני כותנה לבן בדיגום עדין מידה 4-5,6
6157,שישיית גרביוני כותנה לבן בדיגום עדין מידה 5-6,6
6158,שישיית גרביוני כותנה לבן בדיגום עדין מידה 6-7,6
6159,שישיית גרביוני כותנה לבן בדיגום עדין מידה 7-8,6
6160,שישיית גרביוני כותנה לבן בדיגום עדין מידה 8-9,6
6161,שישיית גרביוני כותנה לבן בדיגום עדין מידה 9-10,6
6182,תרסיס להסרת כתמים - קליה (ורוד),2
6192,תות שדה קפוא {לנדא},11
6222,קרטונית 20 טופי מרובע - לקלוקים,2
6267,שטיח דשא סינטטי לסוכה 2*2 מטר,22
6268,סל כביסה מלבני עם סיליקון - מתכווץ,21
6269,קוביות פסיפלורה קפואה אריזה משפחתית - קייטי,11
6285,קטלוג חגים,0
6383,גבינה צהובה 600 גר' עמק,8
6391,ערכה 5 סוגי מטליות מיקרופייבר,2
6407,גופיות ילדים כתפיות - מידה 18 שלישייה,6
6420,בימבה לפעוטות  IAM,21
6488,קפוצ'ינו בבקבוק 1 ליטר טרה,8
6501,חבילת דפים צבעוניים A4,22
6516,ערכת יצירה חול צבעוני,21
6517,תשיעיית גרבי גברים 42-45 - אריזת חיסכון,6
6536,גופיית ילדות כתפיות מידה 18 - שלישייה,6
6537,"מזרק מים ספוג כ 38 ס""מ",21
6542,סט 10 דפי גירוד,22
6559,חולצת טריקו לילדות שרוול 3/4 - מידה 16,6
6560,חולצת טריקו לילדות שרוול 3/4 - מידה 6,6
6561,חולצת טריקו לילדות שרוול 3/4 - מידה 8,6
6562,חולצת טריקו לילדות שרוול 3/4 - מידה 10,6
6563,חולצת טריקו לילדות שרוול 3/4 - מידה 12,6
6564,חולצת טריקו לילדות שרוול 3/4 - מידה 14,6
6582,עט פיילוט כחול 0.4 עם לחצן,23
6585,20 עטיפות ניילון לספרים a4 - עבה,21
6590,עטיפות למחברת דגם בובה גלידה,22
6591,מדבקות שם דגם בובה גלידה,22
6609,משאבת ניפוח חשמלית,21
6611,מארז 3 חוברות יצירה ועבודה (6-10) - מובייל,22
6622,נגאטס תירס - קייטי (ריבוע צהוב),11
6627,דבק לבדים - גוטרמן,21
6628,נורת לד עגולה צמודת תקרה - 48W (מסגרת זהב),21
6720,שמן מנטה להרחה לצום {51},27
6733,עוגיות סנדוויץ קקאו  בקרטון - olala,2
6793,בוסטר הגבהה לרכב,21
6804,מארז 3 שקיות וואקום,21
6809,ערכת פעמון רוח מעץ - שלישיה,22
6890,מארז 160 חיתוכי סול נצנץ - ראש השנה,21
6893,עוגיות ביס ברמן,2
6898,סיגרים קפואים במילוי תפוח אדמה - סימי,11
6963,"תפוח עץ סמיט - חו""ל",1
7015,שמיניית לבנים צבעוניות ילדים מידה 2-4,6
7016,שמיניית לבנים צבעוניות ילדים מידה 4-6,6
7017,שמיניית לבנים צבעוניות ילדים מידה 6-8,6
7018,שמיניית לבנים צבעוניות ילדים מידה 8-10,6
7019,שמיניית לבנים צבעוניות ילדים מידה 10-12,6
7020,שמיניית לבנים צבעוניות ילדים מידה 12-14,6
7021,שמיניית לבנים צבעוניות ילדים מידה 14-16,6
7039,עלי בזיליקום טריים {לנדא},1
7103,חליפת טריקו מעבר לילדים - מידה 10,6
7104,חליפת טריקו מעבר לילדים - מידה 12,6
7105,חליפת טריקו מעבר לילדות - מידה 10,6
7106,חליפת טריקו מעבר לילדות - מידה 12,6
7125,שואב אבק יבש ציקלון - לימו,21
7127,גליל מפת קריסטל עבה אורך 9 מטר,22
7130,שישיית גרביוני כותנה לבן בדיגום עדין מידה 10-12,6
7142,שמן זית כתית מעולה - קייטי,2
7175,טלית גדול 100% צמר - מידה 60,6
7181,זוג גרביון לבן 60 דנייר בדיגום עדין - מידה 2-4,6
7182,זוג גרביון לבן 60 דנייר בדיגום עדין - מידה 4-6,6
7183,זוג גרביון לבן 60 דנייר בדיגום עדין - מידה 6-8,6
7184,זוג גרביון לבן 60 דנייר בדיגום עדין - מידה 8-10,6
7185,זוג גרביון לבן 60 דנייר בדיגום עדין - מידה 10-12,6
7186,זוג גרביון לבן 60 דנייר בדיגום עדין - מידה 12-14,6
7188,זוג גרביון שמנת 60 דנייר בדיגום עדין - מידה 2-4,6
7189,זוג גרביון שמנת 60 דנייר בדיגום עדין - מידה 4-6,6
7190,זוג גרביון שמנת 60 דנייר בדיגום עדין - מידה 6-8,6
7191,זוג גרביון שמנת 60 דנייר בדיגום עדין - מידה 8-10,6
7192,זוג גרביון שמנת 60 דנייר בדיגום עדין - מידה 10-12,6
7193,זוג גרביון שמנת 60 דנייר בדיגום עדין - מידה 12-14,6
7211,טלית גדול 100% צמר - מידה 70,6
7224,מארז מוגדל סוללות אלקליין איכותיות (12+8),21
7239,כותונת קייצית לילדות - מידה 18,6
7250,כבל להטענה - חיבור טייפ סי,21
7265,מיחם 40 כוסות נירוסטה - לימו,21
7275,כד לשתיה  מפלסטיק אקרילי,21
7304,טיפות הרטבה ליובש בעיניים - אביזור,6
7307,מטפחת מרובעת חלקה בצבע ורוד עתיק,6
7313,שישיית גרביונים לנשים 50 דנייר אטום מלון - colanta,6
7314,שישיית גרביונים לנשים 50 דנייר אטום מלון - colanta,6
7315,שישיית גרביונים לנשים 50 דנייר אטום מלון - colanta,6
7367,מכנס פיג'מה לנוער (פרנץ' טרי) - מידה 12,6
7385,תיק אל בד לחוף לבנות - מותגים,21
7387,שישיית כוסות מוקטנות לילדים מפלסטיק אקרילי,21
7389,"כפפות ניילון ח""פ בקופסא",21
7399,דבק סטיק ג'מבו U {גדול במיוחד},22
7400,מברגת קידוח נטענת איכותית במזוודה - LIMO,21
7401,מארז 48 טושים סקצ' מרקר דו צדדים בסיס אלכוהולי,22
7405,"כרטיס זכרון מיקרו 64GB מקסוול ",21
7406,כוסות יהלום שקופות 40 יח',2
7421,"יומן לתלמידה לשנת תשפ""ו דגם קיץ מתוק",23
7428,זוג גופיות חצי שרוול איכותיות בגיר - מידה S,6
7429,זוג גופיות חצי שרוול איכותיות בגיר - מידה M,6
7430,זוג גופיות חצי שרוול איכותיות בגיר - מידה L,6
7431,זוג גופיות חצי שרוול איכותיות בגיר - מידה XL,6
7432,זוג גופיות חצי שרוול איכותיות בגיר - מידה 2XL,6
7433,זוג גופיות חצי שרוול איכותיות בגיר - מידה 3XL,6
7435,זוג בוקסרים לגברים מידה S - בגיר,6
7436,זוג בוקסרים לגברים מידה M - בגיר,6
7437,זוג בוקסרים לגברים מידה L - בגיר,6
7438,זוג בוקסרים לגברים מידה XL - בגיר,6
7439,זוג בוקסרים לגברים מידה 2XL - בגיר,6
7440,זוג בוקסרים לגברים מידה 3XL - בגיר,6
7441,זוג בוקסרים לגברים מידה 4XL - בגיר,6
7495,"שעון יד מחוגים לגבר שחור עם רצועה שחורה רקע לבן - ",6
7504,קופסת אוכל שקופה מחולקת לשני תאים,21
7508,תיק טיולים גדול,23
7514,כדורי קופאין - פלא צום,27
7518,"יומן לתלמידה לשנת תשפ""ו דגם ארטיקים",23
7529,מדבקות שם דגם להיט,23
7530,משאבת ניפוח חשמלית - לרכב,21
7536,מאגדת חטיף אפרופו - אסם,2
7541,ספר מטיילים - באיזור הצפון,22
7548,לא לאיסוף - תו לרכישת חליפה בגיר/ליבוביץ (בהצגת מס,0
7555,מארז במבה מתוקה בטעם תות - אסם,2
7557,"סירופ בטעם פטל - ויטמינצ'יק ",2
7561,טיטולים פרימיום מידה 3 חוגלה,2
7568,סכין יפני עבה ואיכותי,21
7571,סט 3 עטי פיילוט 0.4 צבעוני,22
7582,במבה נוגט אריזה גדולה -אסם,2
7594,מארז 6 קני במבוק שלמים,22
7596,"מאגדת יוגורט Bio 3% - תנובה ",8
7600,קיטל לימים נוראים - מידה S,6
7601,קיטל לימים נוראים - מידה M,6
7602,קיטל לימים נוראים - מידה L,6
7603,קיטל לימים נוראים - מידה XL,6
7604,טלית גדול 100% צמר - מידה 80,6
7605,קפוצ'ון מעבר מבד וופל לבנים - מידה 2,6
7606,קפוצ'ון מעבר מבד וופל לבנים - מידה 4,6
7607,קפוצ'ון מעבר מבד וופל לבנים - מידה 6,6
7608,קפוצ'ון  מעבר מבד וופל לבנים - מידה 8,6
7614,קפוצ'ון מעבר מבד וופל לבנות - מידה 2,6
7615,קפוצ'ון מעבר מבד וופל לבנות - מידה 4,6
7616,קפוצ'ון מעבר מבד וופל לבנות - מידה 6,6
7617,קפוצ'ון מעבר מבד וופל לבנות - מידה 8,6
7638,זוג גרביון שחור 60 דנייר בדיגום עדין - מידה 2-4,6
7639,זוג גרביון שחור 60 דנייר בדיגום עדין - מידה 4-6,6
7640,זוג גרביון שחור 60 דנייר בדיגום עדין - מידה 6-8,6
7641,זוג גרביון שחור 60 דנייר בדיגום עדין - מידה 8-10,6
7642,זוג גרביון שחור 60 דנייר בדיגום עדין - מידה 10-12,6
7643,זוג גרביון שחור 60 דנייר בדיגום עדין - מידה 12-14,6
7652,מארז 10 שופרות צפצפה פלסטיק,21
7696,נעלי בד ליום הכיפורים לנשים ונערות מידה 37,6
7697,נעלי בד ליום הכיפורים לנשים ונערות מידה 38,6
7701,נעלי בד ליום הכיפורים לגברים מידה 41,6
7702,נעלי בד ליום הכיפורים לגברים מידה 42,6
7703,נעלי בד ליום הכיפורים לגברים מידה 43,6
7704,נעלי בד ליום הכיפורים לגברים מידה 44,6
7705,נעלי בד ליום הכיפורים לגברים מידה 45,6
7710,שעון עץ מפואר לקישוט הסוכה (ערכת יצירה),21
7734,שקית רוטב פטריות אסם {מ. לאחר הפסח},2
7735,צלחת אלגנט מרק שקופה - אריזה מוגדלת,2
7736,צלחת אלגנט גדולה שקופה - אריזה מוגדלת,2
7737,צלחת אלגנט קטנה שקופה - אריזה מוגדלת,2
7755,גופיות גברים כתפיות מידה 3XL - שלישייה,6
7764,לחמית חיטה מלאה ושיפון - אסם,2
7766,"שישיית גרביונים לנשים 60 דנייר מלון - דונה - מידה ",6
7767,"שישיית גרביונים לנשים 60 דנייר מלון - דונה - מידה ",6
7768,"שישיית גרביונים לנשים 60 דנייר מלון - דונה - מידה ",6
7769,"שישיית גרביונים לנשים 60 דנייר מלון - דונה - מידה ",6
7788,סט 5 קולבים בציפוי קטיפה,21
7790,חלב 2 ליטר - קייטי/טרה,8
7802,חיתולים מידה 4+  בייביסיטר,2
7896,גופיות V חצי שרוול מידה XXXL - שלישייה,6
7937,חיתולים מידה 6 - בייביסיטר,2
7938,שמיניית נרות דבק חם,27
7939,פרכיות כוסמת באריזת ג'מבו {ענק} - אלומה,2
7982,כיסוי ניילון לעיטוף למזון - עבים ואיכותיים,21
7986,ארגז אחסון מפלסטיק עם מכסה כ 40 ליטר,21
7987,מתלה פלסטיק איכותי למטאטאים ומגבים,21
7989,רביעיית יוגורט בטעם תות 1.5% - טרה {ת. קצר מ.מ.},8
8007,דיאורדורנט ספריי ללא ריח {מאושר לפסח},0
8008,קרוטונים מתובלים למרק ולסלט - אסם {מ. לאחר הפסח},2
8068,דבק סלוטייפ רחב,21
8071,גבינת שמנת עם זיתים 25% - הכפרייה,8
8083,מטפחת מרובעת חלקה עם סיומת פרנזים - פודרה,6
8084,מטפחת מרובעת חלקה עם סיומת פרנזים  - חום כהה,6
8112,מאגדת קרלו בטעם שוקו,8
8152,אקונומיקה ז'אוול 2 ליטר {בקבוק עגול} - סנו,2
8169,קרטון מיץ ענבים אדום 100% (6 יח' בקרטון),2
8174,מאגדת במבה נוגט אסם - חמישייה,2
8199,"אלבום משוויצון עם כריכה קשה ",21
8201,קקאו 250 גר',2
8202,לא לאיסוף - תו לרכישת חליפה ארוכה בגיר/ליבוביץ (בה,0
8203,לא לאיסוף - תו לרכישת חליפה פביו (בהצגת מספר לקוח),0
8204,לא לאיסוף - תו לרכישת כובע קנייטש/עגול פרסטר (בהצג,0
8219,תבנית נייר אינגלישקייק - לאפיה,21
8225,מרכך כביסה מרוכז סנו מקסימה (מ.מ.),2
8229,זוג חולצות טריקו קצרות לילדים (גוונים בייסיק) מידה,6
8231,זוג חולצות טריקו קצרות לילדים (גוונים בייסיק) מידה,6
8232,זוג חולצות טריקו קצרות לילדים (גוונים בייסיק) מידה,6
8235,זוג חולצות טריקו קצרות לילדים (גוונים קייציים) מיד,6
8246,"כוסות לשתייה קרה 100 יח ",2
8258,רביעיית יוגורט עם תות - יופלה,8
8292,ספוג הקסם נירוסטה שלישייה,0
8295,פרוז'קטור הצפה לד 100W - לימו,21
8297,צנצנת 12 כופתאות קניילדך מוכנות - אפיקומן,3
8315,מכסה אלומיניום לתבניות (510-520) - בראבו,2
8357,שלישיית משחות שיניים - קולגייט (טריפל אקשן),2
8388,דבק סופר 7 המקורי - שקוף,21
8390,"רביעיית שוקולד פרה חלבי - עלית ",8
8392,"רביעיית שוקולד פרה מריר - עלית ",8
8395,כריות נוגט - תלמה {מ. לאחר הפסח},2
8399,מברגה נטענת אימפקט איכותית במזוודה - limo,21
8418,משקה סויה - תנובה אלטרנטיב {תכלת},8
8422,קרקר דק קראנצ'י פיקנטי - הדר,2
8447,קרטון ביסקוויט פתיבר וניל 1.7 קילו,2
8454,מיכל (קנקן) לשתיה מפלסטיק עם ברז מזיגה,21
8463,שלישיית גרבי ריב גווני בייסיק - מידה 0-6,6
8466,שלישיית גרבי ריב גווני בייסיק - מידת נעל 19-22,6
8467,שלישיית גרבי ריב גווני בייסיק - מידת נעל 23-26,6
8468,שלישיית גרבי ריב גווני בייסיק - מידת נעל 27-30,6
8479,שעועית בוואקום 900 גר',2
8480,קוקומן חום לבן - תלמה,2
8482,"בקבוק ספורט איכותי - 850 מ""ל",21
8483,מארז חותמות אותיות דפוס,21
8497,מקלות ארטיק צבעוניים,21
8518,חולצה לילדים (תווית כחולה) ש.ק. מידה 13,24
8566,משקפת שחיה אופטית מספר מינוס 10,6
8568,ביסלי פארטי מיקס אריזה גדולה - אסם,2
8583,שלישיית גרבי ריב גוונים ניטרליים - מידת נעל 19-22,6
8584,שלישיית גרבי ריב גוונים ניטרליים - מידת נעל 23-26,6
8585,שלישיית גרבי ריב גוונים ניטרליים - מידת נעל 27-30,6
8592,מעבד מזון Bosch - דגם MCM3110,21
8595,פרוז'קטור נטען סולארי 100W,21
8606,מארז מיני כעכים - עבאדי,2
8611,ריקמת שטיח ערכה ליצירת תמונה,21
8615,קרקר עם דגנים מלאים בתוספת רוזמרין - fitness {מ.מ.,2
8647,סט 10 קולבים ממתכת,21
8648,סט 4 לורדים ללוח מחיק איכותי,21
8651,שלישיית ספוגי רחצה ליפה,21
8654,"ארגונית בד מתקפלת מלבנית למגירת ארון - אפור ",21
8674,מארז 18 שקפים ליצירה - חגי תשרי,21
8675,מארז 6 תפוחי פלסטיק למילוי - אדום שקוף,21
8679,טלית גדול 100% צמר קשור עם פתיל עבה - מידה 70,6
8680,טלית קטן 100% צמר ללא פתילים - מידה 5 {חסידי},6
8681,טלית קטן 100% צמר ללא פתילים - מידה 6 {חסידי},6
8682,טלית קטן 100% צמר ללא פתילים - מידה 7 {חסידי},6
8683,טלית קטן 100% צמר קשור עם פתילים דקים - מידה 6,6
8691,שולחן עם כיור וברז - רגליים מתקפלות,23
8695,חפתים בקופסא דגם עגול רוז גולד עם אפור,6
8696,חפתים בקופסא דגם אליפסה שחור עם אפור,6
8697,חפתים בקופסא דגם מרובע זהב עם שחור,6
8699,שקית להכנת רוטב לצלי - אסם,2
8713,שוקולד פרה במילוי קרם חלב - עלית,8
8714,"אבקת וניש קליה לבן גדול 1.8 ק""ג - מהדורה מוגבלת",2
8719,מברשת אסלה שערות סיליקון,21
8721,זוג גופיות חצי שרוול איכותיות בגיר - מידה XS,6
8750,תוף כבל מאריך כ 15 מטר,21
8778,מארז 10 ערכות יצירה יהלומים,21
8791,חטיף שוקולד קראנץ - עלית,8
8794,ממרח שוקולד - השחר,2
8796,מפצל 3 שקעים ו 2 יציאות USB - כבל ומפסק,21
8798,סוכריות ג'לי בטעמי פירות - קייטי,2
8808,דבש אריזה מוגדלת - קייטי (מ.מ.),2
8809,מטפחת מרובעת חלקה עם סיומת פרנזים - כתום חמרה,6
8814,רביעיית שום יבש XL,1
8816,סדין ניילון פרימיום למיטת תינוק,21
8824,מרכך (אדום} - נקה 7,2
8828,"קרטון סטייק אנטריקוט פרוס בד""צ עד""ח",11
8830,"קרטון עוף טחון קפוא בד""צ עד""ח {לא שקיל-מחיר קבוע}",11
8854,"נקנקיות עוף בד""צ בית חלקיה",10
8855,"קישקע ממולא בשרי קפוא בד""צ בית חלקיה",11
8857,"קרטון פילה סלמון בד""ץ העד""ח - צ'רינה (פ)",10
8875,חיתולים מידה 4 - בייביסיטר,2
8920,סנובון - סנו,2
8936,"ממרח פסטו בזיליקום {בד""ץ בית חלקיה}",8
8938,נוזל כלים ספארק לימון /גראס עם משאבה - סנו,2
8967,בצל מטוגן קפוא - קייטי,11
8968,"קרטון מיקס המבורגר וקבב קפוא בד""צ בית חלקיה {לא שק",10
8969,"קרטון פילה פורל ים עם עור עד""ח - קייטי {לא שקיל-מח",11
8978,שוקולד פרה במילוי קרם בטעם תות - עלית,8
8996,אצבעות שוקולד חלב במילוי קרם חלב - עלית,8
9017,קנון דגם SX740 תפריט מלא בעברית - לא לאיסוף,0
9090,טופי מרובע חלבי {אריזה מוגדלת} - קייטי,2
9091,טופי צבעוני {אריזה מוגדלת} - קייטי,2
9170,משקה בטעם מוקה בבקבוק 1 ליטר טרה - מחיר מיוחד,8
9177,שישיית ירכוני מיקרופייבר 70 דנייר אטום מייפר - פלמ,6
9178,מטפחת מרובעת חלקה עם סיומת פרנזים - שחור,6
9219,מטפחת מרובעת חלקה עם סיומת פרנזים - קרם נוגט,6
9224,מטפחת מרובעת חלקה עם סיומת פרנזים - סגול עתיק,6
9228,קצפת צמחית השף הלבן תנובה,8
9229,נפוליטנים חלבי טעמן - תוקף קצר,8
9231,טורטייה (מזונות) - קייטי,2
9282,מארז 8 מגבות ידיים אישיות,21
9284,אטריות סבתא דקות שיבולים,2
9291,חמאה - תנובה,8
9295,רביעיית סבון מוצק (אל סבון) נקה 7,2
9342,מאגדת יוגורט תות אפרסק 3% - יופלה,8
9348,פליימוביל ספיישל חבלן כוחות מיוחדים {דגם 70600},21
9349,פליימוביל אימון אסטרונאוט (70603),21
9356,חטיף שוקולד קראנץ בלאק אנד וויט - עלית,8
9364,רוגלעך אפוי בקופסא {חדש!! מבית הדר גאולה},1
9370,מאגדת מרשמלו ארטיק - לקלוקים,2
9371,קרטונית מזרק ג'ל - לקלוקים,2
9377,מסיר שומנים פורטה פלוס - סנו,2
9378,מכנס אלגנט לילדים/נוער שחור FABIO - מידה 4,6
9379,מכנס אלגנט לילדים/נוער שחור FABIO - מידה 6,6
9380,מכנס אלגנט לילדים/נוער שחור FABIO - מידה 8,6
9381,מכנס אלגנט לילדים/נוער שחור FABIO - מידה 10,6
9382,מכנס אלגנט לילדים/נוער שחור FABIO - מידה 12,6
9383,מכנס אלגנט לילדים/נוער שחור FABIO - מידה 14,6
9387,מכנס אלגנט לילדים/נוער נייבי כהה FABIO - מידה 4,6
9389,מכנס אלגנט לילדים/נוער נייבי כהה FABIO - מידה 8,6
9391,מכנס אלגנט לילדים/נוער נייבי כהה FABIO - מידה 12,6
9392,מכנס אלגנט לילדים/נוער נייבי כהה FABIO - מידה 14,6
9393,מכנס אלגנט לילדים/נוער נייבי כהה FABIO - מידה 16,6
9394,מכנס אלגנט לילדים/נוער נייבי כהה FABIO - מידה 18,6
9395,חולצת גברים 100% כותנה ג.ר. BAGIR - מידה 13.5,6
9396,חולצת גברים 100% כותנה ג.ר. BAGIR - מידה 14,6
9397,חולצת גברים 100% כותנה ג.ר. BAGIR - מידה 14.5,6
9398,חולצת גברים 100% כותנה ג.ר. BAGIR - מידה 15,6
9399,חולצת גברים 100% כותנה ג.ר. BAGIR - מידה 15.5,6
9400,חולצת גברים 100% כותנה ג.ר. BAGIR - מידה 16,6
9401,חולצת גברים 100% כותנה ג.ר. BAGIR - מידה 16.5,6
9402,חולצת גברים 100% כותנה ג.ר. BAGIR - מידה 17,6
9403,חולצת גברים 100% כותנה ג.ר. BAGIR - מידה 17.5,6
9404,חולצת גברים 100% כותנה ג.ר. BAGIR - מידה 18,6
9405,חולצת גברים 100% כותנה ג.ר. BAGIR - מידה 18.5,6
9406,חולצת ילדים/נוער 60% כותנה ג.ר. FABIO - מידה 4,6
9407,חולצת ילדים/נוער 60% כותנה ג.ר. FABIO - מידה 6,6
9408,חולצת ילדים/נוער 60% כותנה ג.ר. FABIO - מידה 8,6
9409,חולצת ילדים/נוער 60% כותנה ג.ר. FABIO - מידה 10,6
9410,חולצת ילדים/נוער 60% כותנה ג.ר. FABIO - מידה 12,6
9411,חולצת ילדים/נוער 60% כותנה ג.ר. FABIO - מידה 14,6
9412,חולצת ילדים/נוער 60% כותנה ג.ר. FABIO - מידה 16,6
9444,"משקה בננה בבקבוק 250 מ""ל טרה - מחיר מיוחד",8
9449,שוקולד פרה במילוי קרם נוגט עלית,8
9463,תרסיס אנטי קאלק 4 ב 1 - סנו,2
9468,זוג מעדן סויה Bio עם תות/אפרסק - תנובה alterntive,8
9518,חגורת קלאץ' איכותית - אבזם מעוצב מוכסף (9),24
9519,צלחות מרק שקוף גלים עם פס זהב,23
9561,מעבד מזון עוצמתי - magimix דגם CS3180XL,21
9573,ענבים ירוקים {ג},15
9593,חומוס ענק בוואקום 1 קילו,2
9595,עוגיות בטעם חמאה קופסת מתכת - קייטי {100 גרם},2
9611,תפוח אדמה לבן 5 קילו,14
9612,סנו די עם אלוורה - דוחה יתושים,0
9619,שלישיית גרבי ריב לילדות גוונים קייצים - מידת נעל 1,6
9620,שלישיית גרבי ריב לילדות גוונים קייצים - מידת נעל 2,6
9632,מפת שולחן לבנה  - דגם ריבועים,21
9637,מארז מבחנת סוכריות עם לקקן - גוגלס טעמן,2
9647,פלפל שחור בצנצנת - דרומה,2
9654,מגבוני פחם להסרת איפור - CARELINE {איסוף כמוצר בוד,2
9660,גריל עוף בצנצנת - נווה התבלין,2
9661,תבלין לדג בצנצנת - נווה התבלין,2
9662,פפריקה מתוקה מרוקאית בצנצנת גדולה - נווה התבלין,2
9663,כמון טחון בצנצנת - נווה התבלין,2
9686,שקית ואוו עוגיות בטעם חמאה בציפוי שוקולד חלב,8
9692,קוביות מנגו קפוא {אריזה משפחתית},11
9740,שלישיית גרבי ריב בצבע שמנת - מידת נעל 27-30,6
9741,שלישיית גרבי ריב קצרות בצבע שמנת - מידת נעל 38-41,6
9743,שלישיית גרבי ריב קצרות גווני בייסיק - מידת נעל 38-,6
9746,שלישיית גרבי ריב גוונים ניטרליים - מידה 6-12,6
9747,"שלישיית גרבי ריב קצרות גוונים ניטרליים - מידת נעל ",6
9752,"ערכת יצירה רקמה - עם מסגרת ",22
9753,קרקר עם שומשום - טופז גולד (אריזה מלבנית},2
9754,נשנושים איירביס - בייגל בייגל (50 גר'),2
9758,תירס גמדי שלם שימורים,2
9759,סט 4 לורדים ללוח מחיק - ארטליין,22
9762,זוג גופיות ציצית לילדים - מידה 12,6
9763,זוג גופיות ציצית לילדים - מידה 14,6
9766,קרטונית סופר מינטס ללא סוכר - מנטה - פשקעס {ת.ק. מ,2
9768,דפי בצק פילו דקיקים קפוא - שחף,10
9770,קרטון פילה פוטית (סול) קפוא - רוזנערס,10
9771,מרכך לשיער - כיף,2
9774,סוכריות (ג'לי) גומי מסוכרות אבטיח - גוגלס טעמן,2
9775,ג'ל כביסה פרסיל קולור - 3.8 ליטר,2
9783,חולצת טריקו לנוער (פיג'מה) שרוול קצר - 12,6
9796,שלישיית פיצה קפואה - מעדנות,11
9798,כסא חוף מתקפל עם תיק נשיאה,21
9799,טושים דקים בדלי - אומגה,21
9800,חוברת 100 דפי צביעה - הסדרה המשפחתית,21
9802,צנצנת קענדי בייטס (דמוי מנטוס) {צנצנת},2
9803,יויו סיני גדול מסיליקון - המקורי,21
9804,מיכל מים עגול מתכווץ עם ברז,21
9811,תותית עם ציפוי בטעם שוקולד,8
9813,חטיף באגסי גדול (דמוי ביסלי),2
9815,קרטונית (30 יח) ממתק ג'לי {ראש דשא},2
9817,בורגול בוואקום 1 קילו - מיה,2
9818,מזרק ג'ל נגד תיקנים k3 - סנו,2
9819,מזרק ג'ל נמלים k3 - סנו,2
9841,משאבת אויר קומפקטית - נטענת,22
9849,ממרח טחינה עם שוקולד - אחווה,2
9850,טחינה במרקם עדין בבקבוק לחיץ - אחוה,2
9852,מאגדת יוגורט בסגנון יווני 6.5% - מולר {מ.מ.},8
9853,בייגלה שמיניות עם מלח - קייטי,2
9854,מאגדת אפרופו 5*25 - אסם,2
9860,במבה אסם - יחידה,2
9877,משקה חלבון בטעם קפה - מולר,8
9878,רביעיית מעדני מוו בטעם וניל עם קצפת - טרה,8
9879,קישוט סוכה מפואר כוס ישועות,21
9880,משאבה חלב חשמלית לבישה ואלחוטית,21
9881,מארז 300 פונפונים דביקים בצורת במבה,21
9882,שלישיית בוקסרים לגבר - מידה S,6
9883,שלישיית בוקסרים לגבר - מידה M,6
9884,שלישיית בוקסרים לגבר - מידה L,6
9885,שלישיית בוקסרים לגבר - מידה XL,6
9886,שלישיית בוקסרים לגבר - מידה XXL,6
9887,שלישיית בוקסרים לגבר - מידה XXXL,6
9888,חמישיית בוקסרים לילדים - מידה 3-4,6
9889,חמישיית בוקסרים לילדים - מידה 5-6,6
9890,חמישיית בוקסרים לילדים - מידה 7-8,6
9891,חמישיית בוקסרים לילדים - מידה 9-10,6
9895,חטיפי פיצה קפואים - מעדנות,10
9896,חצאית פליסה לילדות - מידה 6,6
9897,חצאית פליסה לילדות - מידה 8,6
9898,חצאית פליסה לילדות - מידה 10,6
9899,חצאית פליסה לילדות  - מידה 12,6
9900,חצאית פליסה לילדות - מידה 14,6
9901,חצאית פליסה לילדות - מידה 16,6
9902,חולצת פולו תכלת לילדים - מידה 6,6
9903,חולצת פולו תכלת לילדים - מידה 8,6
9904,חולצת פולו תכלת לילדים - מידה 10,6
9905,חולצת פולו תכלת לילדים - מידה 12,6
9906,חולצת פולו תכלת לילדים - מידה 14,6
9907,חולצת פולו תכלת לילדים - מידה 16,6
9908,חולצת פולו תכלת לילדים - מידה 18,6
9909,חולצת טריקו לילדות שרוול 3/4 - מידה 18,6
9910,גבינת קשקבל 25% - נעם,8
9911,זוג שבלונות חגי תשרי - גודל A4,21
9912,מארז 12 חותמות - חגי תשרי,21
9913,ענבים אדומים קרימפסון,1
9914,סוכריות ג'לי מסוכרות יאמי גאמי (ארטיק/נחשים) - ארי,2
9915,"שמפו הד&שולדרס 2 ב1 קלאסי 625 מ""ל",2
9916,נוזל כלים פיירי 1.19 ליטר בניחוח לימון - בקבוק שקו,2
9917,סוכריות לקישוט בצנצנת - מעולה,2
9918,קרטונית סוכריות על מקל בצורת אבטיח,2
9919,דיאורדורנט ג'ילט קליר ג'ל,2
9921,פטריות שמפניון שלמות בשימורים - קייטי,2
9922,לוף ראש - יחידה {לנדא},15
9923,כיפת בד לילדים בצבע שחור - מידה 2,6
9924,כיפת בד לילדים בצבע שחור - מידה 3,6
9925,כיפת בד לילדים בצבע שחור - מידה 4,6
9926,כיפת בד לילדים בצבע שחור - מידה 5,6
9927,כיפת בד לילדים בצבע אפור כחול - מידה 2,6
9928,כיפת בד לילדים בצבע אפור כחול - מידה 3,6
9929,כיפת בד לילדים בצבע אפור כחול - מידה 4,6
9930,כיפת בד לילדים בצבע אפור כחול - מידה 5,6
9931,כיפת בד לילדים בצבע כחול עמוק - מידה 2,6
9932,כיפת בד לילדים בצבע כחול עמוק - מידה 3,6
9933,כיפת בד לילדים בצבע כחול עמוק - מידה 4,6
9934,כיפת בד לילדים בצבע כחול עמוק - מידה 5,6
9935,כיפת בד לילדים בצבע ירוק מרווה - מידה 2,6
9936,כיפת בד לילדים בצבע ירוק מרווה - מידה 3,6
9937,כיפת בד לילדים בצבע ירוק מרווה - מידה 4,6
9938,כיפת בד לילדים בצבע ירוק מרווה - מידה 5,6
9939,כיפת בד לילדים בצבע בז' - מידה 2,6
9940,כיפת בד לילדים בצבע בז' - מידה 3,6
9941,כיפת בד לילדים בצבע בז' - מידה 4,6
9942,כיפת בד לילדים בצבע בז' - מידה 5,6
9943,כיפת בד לילדים בצבע חום כהה - מידה 2,6
9944,כיפת בד לילדים בצבע חום כהה - מידה 3,6
9945,כיפת בד לילדים בצבע חום כהה - מידה 4,6
9946,כיפת בד לילדים בצבע חום כהה - מידה 5,6
9947,חולצת גברים 100% כותנה ג.צ. BAGIR - מידה 13.5,6
9948,חולצת גברים 100% כותנה ג.צ. BAGIR - מידה 14,6
9949,חולצת גברים 100% כותנה ג.צ. BAGIR - מידה 14.5,6
9950,חולצת גברים 100% כותנה ג.צ. BAGIR - מידה 15,6
9951,חולצת גברים 100% כותנה ג.צ. BAGIR - מידה 15.5,6
9952,חולצת גברים 100% כותנה ג.צ. BAGIR - מידה 16,6
9953,חולצת גברים 100% כותנה ג.צ. BAGIR - מידה 16.5,6
9954,חולצת גברים 100% כותנה ג.צ. BAGIR - מידה 17,6
9955,חולצת ילדים 100% כותנה ג.צ. FABIO - מידה 4,6
9956,חולצת ילדים 100% כותנה ג.צ. FABIO - מידה 6,6
9957,חולצת ילדים 100% כותנה ג.צ. FABIO - מידה 8,6
9958,חולצת נוער 100% כותנה ג.צ. FABIO - מידה 10,6
9959,חולצת נוער 100% כותנה ג.צ. FABIO - מידה 12,6
9960,חולצת נוער 100% כותנה ג.צ. FABIO - מידה 14,6
9961,חולצת נוער 100% כותנה ג.צ. FABIO - מידה 16,6
9963,שלישיית גרבי ילדים מידה 27-30 {צבע חלק},6
9964,שלישיית גרבי ילדים מידה 31-34 {צבע חלק},6
9965,שלישיית גרבי נוער מידה 35-38 {צבע חלק},6
9966,בד לציצית 100% כותנה מידה 22 {תואם מידה 9},6
9967,בד לציצית 100% כותנה מידה 24 {תואם מידה 10},6
9968,טייץ כותנה לתינוקות - מידה 6M,6
9969,טייץ כותנה לתינוקות - מידה 9M,6
9970,טייץ כותנה לתינוקות- מידה 12M,6
9971,טייץ כותנה לתינוקות - מידה 18M,6
9972,טייץ כותנה לתינוקות - מידה 24M,6
9973,טייץ כותנה לתינוקות - מידה 36M,6
9974,ערכת יצירה לקישוט עץ מפואר - לכו נרננה,21
9976,תמונת קנווס - ציור גדולי ישראל,21
9977,קישוט סוכה - אושפיזין,21
9978,פנקס דפי איחול שנה טובה לחברים,21
9979,מכנס כותנה לילדים שחור FABIO - מידה 4,6
9980,מכנס כותנה לילדים שחור FABIO - מידה 6,6
9981,מכנס כותנה נוער שחור FABIO - מידה 8,6
9982,מכנס כותנה נוער שחור FABIO - מידה 10,6
9983,מכנס כותנה נוער שחור FABIO - מידה 12,6
9984,מכנס כותנה נוער שחור FABIO - מידה 14,6
9985,קפוצ'ון מעבר מבד וופל לבנות - מידה 10,6
9986,קפוצ'ון מעבר מבד וופל לבנות - מידה 12,6
9987,קפוצ'ון מעבר מבד וופל לבנות - מידה 14,6
9988,קפוצ'ון מעבר מבד וופל לבנות - מידה 16,6
9989,קפוצ'ון מעבר מבד וופל לבנות - מידה 18,6
9990,סוכריות ללא סוכר בטעם דבש-לימון - מיה,2
9991,חטיף במבה ביסלי MIX - אסם,2
9992,תרסיס K600 - סנו,2
9993,רצפז נוזל רצפות לשואב שוטף מלון בוטיק - סנו,2
9994,ריצפז פלוס דוחה תיקנים - סנו,2
9995,קרטונית דמוי מנטוס בשפורפרת {טרופי} - פשקעס,2
9996,דאורדורנט לנשים ליידי ספיד סטיק ZERO%,2
9997,בורגול בוואקום חצי קילו - מיה,8
9998,לולב דרי טרי - מהודר אא משנת יוסף (מיוחד),0
