ID_מכירה,week,name
114443,"קרח תשפ""ג",נחל שורק בית שמש
140769,"תרומה תשפ""ה","מהרי""ל מודיעין עילית"
141027,"תצווה תשפ""ה",בני הישיבות בני ברק
141088,"תצווה תשפ""ה",ירוחם
141115,"תצווה תשפ""ה",אהל איתן נווה יעקב ירו
141316,"כי תשא תשפ""ה",מרומי שדה מודיעין עילי
141408,"כי תשא תשפ""ה",רמת שלמה - ירושליים
141419,"כי תשא תשפ""ה",ירוחם
141420,"כי תשא תשפ""ה",הר יונה נוף הגליל
141481,"כי תשא תשפ""ה",מעלה הזיתים ירושליים
141497,"כי תשא תשפ""ה",נוה צבי ירושליים
141644,"ויקהל תשפ""ה",רבי עקיבא מודיעין עילי
142010,"פקודי תשפ""ה",גרין פארק מודיעין עילי
142084,"פקודי תשפ""ה",נתיבות שלום מודיעין עי
142086,"פקודי תשפ""ה",משכנות יעקב ירושליים
142217,"פקודי תשפ""ה",ירמיהו בית שמש
142309,"פסח מכירה 1 ויקרא תשפ""",מרומי שדה מודיעין עילי
142413,"פסח מכירה 1 ויקרא תשפ""",הר יונה נוף הגליל
142474,"פסח מכירה 1 ויקרא תשפ""",מעלה הזיתים ירושליים
142495,"פסח מכירה 1 ויקרא תשפ""",שבטי ישראל אחיסמך
142536,"פסח מכירה 1 ויקרא תשפ""",משה רבנו אחיסמך
142586,"פסח מכירה 1 ויקרא תשפ""",בן צבי טבריה
142640,"פסח מכירה 2 צו תשפ""ה",מרומי שדה מודיעין עילי
142735,"פסח מכירה 2 צו תשפ""ה",רמת אהרן בני ברק
142740,"פסח מכירה 2 צו תשפ""ה","חדרה "
142769,"פסח מכירה 2 צו תשפ""ה",זכרון אברהם ירושליים
142778,"פסח מכירה 2 צו תשפ""ה",חטיבת הנגב אשדוד
142831,"פסח מכירה 2 צו תשפ""ה",שבט אפרים אחיסמך
142844,"פסח מכירה 2 צו תשפ""ה",רפפורט ירושליים
142860,"פסח מכירה 2 צו תשפ""ה",רבי טרפון מודיעין עילי
142925,"פסח מכירה 2 צו תשפ""ה",כנסת יחזקאל ביתר עילית
146389,"חקת תשפ""ה",החלוצים בני ברק
146441,"חקת תשפ""ה",אמרי בינה ירושליים
146666,"בלק תשפ""ה",בני הישיבות בני ברק
146672,"בלק תשפ""ה",בית וגן ירושליים
146717,"בלק תשפ""ה",הרב קוק - רכסים
146732,"בלק תשפ""ה",משכנות יעקב ירושליים
146739,"בלק תשפ""ה",תל ציון (אהבת ישראל תח
146743,"בלק תשפ""ה",החצב רכסים
146781,"בלק תשפ""ה",מישאל מזרחי פסגת זאב
146786,"בלק תשפ""ה",אמרי בינה ירושליים
146789,"בלק תשפ""ה",מעלה הזיתים ירושליים
146797,"בלק תשפ""ה",מצפה רמון
146800,"בלק תשפ""ה",כרם אברהם ירושליים
146810,"בלק תשפ""ה",שבטי ישראל אחיסמך
146823,"בלק תשפ""ה",שדרות
146854,"בלק תשפ""ה",בני דוד עלי
146862,"בלק תשפ""ה",שערי תשובה מודיעין עיל
146889,"בלק תשפ""ה",עליית הנוער עפולה
146898,"בלק תשפ""ה",אהבת ישראל תל ציון (על
146941,"בלק תשפ""ה",אוהב ישראל ביתר עילית
147001,"פנחס תשפ""ה",גרין פארק מודיעין עילי
147022,"פנחס תשפ""ה",קרית צאנז נתניה
147026,"פנחס תשפ""ה","הרב בנדר ביתר עילית "
147029,"פנחס תשפ""ה",הפסגה ירושליים
147030,"פנחס תשפ""ה",בר אילן בית שמש
147034,"פנחס תשפ""ה",דרך החיים- אלעד
147045,"פנחס תשפ""ה",גבעה A ביתר
147055,"פנחס תשפ""ה",רבי יהשוע בית שמש
147056,"פנחס תשפ""ה",שמואל הנביא ירושליים
147064,"פנחס תשפ""ה",רמת אהרן בני ברק
147073,"פנחס תשפ""ה",הר יונה נוף הגליל
147106,"פנחס תשפ""ה",יבניאל
147108,"פנחס תשפ""ה",ברכת משה חיפה
147112,"פנחס תשפ""ה",נג'ארה ירושליים
147117,"פנחס תשפ""ה",גילה ירושליים
147131,"פנחס תשפ""ה",אמרי בינה ירושליים
147135,"פנחס תשפ""ה",דובר שלום נוף הגליל
147136,"פנחס תשפ""ה",בתי הורנשטיין ירושליים
147140,"פנחס תשפ""ה",עמנואל
147142,"פנחס תשפ""ה",מצפה רמון
147145,"פנחס תשפ""ה",כרם אברהם ירושליים
147156,"פנחס תשפ""ה",מעלות חברון קרית ארבע
147187,"פנחס תשפ""ה",יעבץ בני ברק
147207,"פנחס תשפ""ה",שערי תשובה מודיעין עיל
147208,"פנחס תשפ""ה",ירמיהו בית שמש
147215,"פנחס תשפ""ה",נרקיסים - נוף הגליל
147234,"פנחס תשפ""ה",עליית הנוער עפולה
147243,"פנחס תשפ""ה",אהבת ישראל תל ציון (על
147259,"פנחס תשפ""ה",אור הגנוז
147273,"פנחס תשפ""ה",רב חנינא בית שמש
147314,"מטות מסעי תשפ""ה",קנה בושם בית שמש
147315,"מטות מסעי תשפ""ה",מרומי שדה מודיעין עילי
147317,"מטות מסעי תשפ""ה",נהר הירדן בית שמש
147321,"מטות מסעי תשפ""ה",מסילת יוסף מודיעין עיל
147324,"מטות מסעי תשפ""ה",שטרן ירושליים
147334,"מטות מסעי תשפ""ה",אביי ורבא מודיעין עילי
147345,"מטות מסעי תשפ""ה",קרלין מודיעין עילית
147347,"מטות מסעי תשפ""ה",גרין פארק מודיעין עילי
147349,"מטות מסעי תשפ""ה",סנהדריה המורחבת ירושלי
147352,"מטות מסעי תשפ""ה",חפץ חיים זכרון יעקב
147356,"מטות מסעי תשפ""ה",טלזסטון
147362,"מטות מסעי תשפ""ה",ינאי אשדוד
147363,"מטות מסעי תשפ""ה",בית וגן ירושליים
147365,"מטות מסעי תשפ""ה",רוממה ירושליים
147366,"מטות מסעי תשפ""ה",חזון דוד מודיעין עילית
147368,"מטות מסעי תשפ""ה",קרית צאנז נתניה
147375,"מטות מסעי תשפ""ה",הפסגה ירושליים
147388,"מטות מסעי תשפ""ה",בן זכאי בני ברק
147407,"מטות מסעי תשפ""ה",רמת שלמה - ירושליים
147419,"מטות מסעי תשפ""ה",הר יונה נוף הגליל
147431,"מטות מסעי תשפ""ה","מהרי""ל מודיעין עילית"
147434,"מטות מסעי תשפ""ה",החצב רכסים
147440,"מטות מסעי תשפ""ה",מיימון בני ברק
147442,"מטות מסעי תשפ""ה",שאגת אריה מודיעין עילי
147450,"מטות מסעי תשפ""ה",נחלת שלמה נתיבות
147459,"מטות מסעי תשפ""ה",דובדבן אופקים
147463,"מטות מסעי תשפ""ה",גילה ירושליים
147465,"מטות מסעי תשפ""ה",רבנו בחיי בני ברק
147469,"מטות מסעי תשפ""ה",הרב חיות נווה יעקב ירו
147478,"מטות מסעי תשפ""ה","רלב""ג בני ברק"
147481,"מטות מסעי תשפ""ה",דובר שלום נוף הגליל
147482,"מטות מסעי תשפ""ה",בתי הורנשטיין ירושליים
147485,"מטות מסעי תשפ""ה",הבוכרים ירושליים
147486,"מטות מסעי תשפ""ה",עמנואל
147488,"מטות מסעי תשפ""ה",מצפה רמון
147496,"מטות מסעי תשפ""ה",נוה צבי ירושליים
147504,"מטות מסעי תשפ""ה",שערי חסד ירושליים
147507,"מטות מסעי תשפ""ה",איילת השחר בני ברק
147535,"מטות מסעי תשפ""ה",אורליאן בני ברק
147561,"מטות מסעי תשפ""ה",נרקיסים - נוף הגליל
147580,"מטות מסעי תשפ""ה",עליית הנוער עפולה
147589,"מטות מסעי תשפ""ה",אהבת ישראל תל ציון (על
147597,"מטות מסעי תשפ""ה",רבנו אשר בני ברק
147617,"מטות מסעי תשפ""ה",הפלמח ירוחם
147621,"מטות מסעי תשפ""ה",מבוא מרגלית ביתר עילית
147625,"מטות מסעי תשפ""ה",נלסון גליק ירושליים
147657,"דברים תשפ""ה",אבני נזר מודיעין עילית
147658,"דברים תשפ""ה",יהודה הנשיא מודיעין עי
147659,"דברים תשפ""ה",רבי עקיבא מודיעין עילי
147662,"דברים תשפ""ה",מרומי שדה מודיעין עילי
147663,"דברים תשפ""ה",נאות הפיסגה מודיעין עי
147664,"דברים תשפ""ה",נהר הירדן בית שמש
147665,"דברים תשפ""ה",כולל ברסלב בני ברק
147672,"דברים תשפ""ה",זנגוויל ירושליים
147675,"דברים תשפ""ה",גור חיפה
147678,"דברים תשפ""ה",אולסוונגר ירושליים
147684,"דברים תשפ""ה",נפש החיים אשדוד
147685,"דברים תשפ""ה",בית שמואל אשדוד
147689,"דברים תשפ""ה",הרים לוין אשדוד
147690,"דברים תשפ""ה",החרובים רכסים
147692,"דברים תשפ""ה",קרלין מודיעין עילית
147694,"דברים תשפ""ה",גרין פארק מודיעין עילי
147696,"דברים תשפ""ה",סנהדריה המורחבת ירושלי
147703,"דברים תשפ""ה",טלזסטון
147710,"דברים תשפ""ה",בית וגן ירושליים
147713,"דברים תשפ""ה",חזון דוד מודיעין עילית
147716,"דברים תשפ""ה",לב שמחה בית שמש
147722,"דברים תשפ""ה",הפסגה ירושליים
147728,"דברים תשפ""ה",גני יצהר- אלעד
147732,"דברים תשפ""ה",מבוא די זהב ירושליים
147733,"דברים תשפ""ה",פרל בני ברק
147735,"דברים תשפ""ה",בן זכאי בני ברק
147740,"דברים תשפ""ה",עפולה גבעת המורה
147741,"דברים תשפ""ה",נווה יעקב-ירושלים
147744,"דברים תשפ""ה",שיכון ו בני ברק
147751,"דברים תשפ""ה",שער המלך מודיעין עילית
147752,"דברים תשפ""ה",גבעת שאול - ירושליים
147754,"דברים תשפ""ה",רמת שלמה - ירושליים
147765,"דברים תשפ""ה",ירוחם
147766,"דברים תשפ""ה",הר יונה נוף הגליל
147767,"דברים תשפ""ה",טבנקין נווה יעקב ירושל
147770,"דברים תשפ""ה",משכנות יעקב ירושליים
147771,"דברים תשפ""ה",הרב הירש בני ברק
147772,"דברים תשפ""ה",החלוצים בני ברק
147781,"דברים תשפ""ה",החצב רכסים
147786,"דברים תשפ""ה",מינץ ירושליים
147791,"דברים תשפ""ה",זכרון אברהם ירושליים
147793,"דברים תשפ""ה",חיל האוויר פסגת זאב
147795,"דברים תשפ""ה",גולאק נווה יעקב ירושלי
147805,"דברים תשפ""ה",נג'ארה ירושליים
147814,"דברים תשפ""ה",גבעת זאב
147816,"דברים תשפ""ה",הרב חיות נווה יעקב ירו
147827,"דברים תשפ""ה",מעלה הזיתים ירושליים
147828,"דברים תשפ""ה",דובר שלום נוף הגליל
147833,"דברים תשפ""ה",עמנואל
147834,"דברים תשפ""ה",דימונה
147840,"דברים תשפ""ה",גשר החיים ירושליים
147843,"דברים תשפ""ה",נוה צבי ירושליים
147846,"דברים תשפ""ה",שפינוזה עפולה
147851,"דברים תשפ""ה",שערי חסד ירושליים
147852,"דברים תשפ""ה",נווה אברהם חיפה
147862,"דברים תשפ""ה",עטרת משה בני ברק
147877,"דברים תשפ""ה",תכלת מרדכי בית שמש
147882,"דברים תשפ""ה",אורליאן בני ברק
147887,"דברים תשפ""ה",ריש לקיש בית שמש
147888,"דברים תשפ""ה",משה רבנו אחיסמך
147896,"דברים תשפ""ה",אלחריזי בית ד' בני ברק
147899,"דברים תשפ""ה",רבבה
147900,"דברים תשפ""ה",שערי תשובה מודיעין עיל
147901,"דברים תשפ""ה",ירמיהו בית שמש
147906,"דברים תשפ""ה",נהרדעא בית שמש
147908,"דברים תשפ""ה",נרקיסים - נוף הגליל
147922,"דברים תשפ""ה",הגבעה הצרפתית ירושליים
147927,"דברים תשפ""ה",עליית הנוער עפולה
147929,"דברים תשפ""ה",הרב פניז'ל נווה יעקב י
147935,"דברים תשפ""ה",בן עוזיאל אלעד
147946,"דברים תשפ""ה",הוילה  בני ברק
147952,"דברים תשפ""ה",אור הגנוז
147954,"דברים תשפ""ה",ישמח ישראל ביתר עילית
147956,"דברים תשפ""ה",הספרייה ירושליים
147959,"דברים תשפ""ה",חלקיה בר טובי בית שמש
147964,"דברים תשפ""ה",הפלמח ירוחם
147973,"דברים תשפ""ה",נלסון גליק ירושליים
147974,"דברים תשפ""ה","אבא שאול ביתר עילית "
148010,"ואתחנן תשפ""ה",מרומי שדה מודיעין עילי
148016,"ואתחנן תשפ""ה",מסילת יוסף מודיעין עיל
148019,"ואתחנן תשפ""ה",שטרן ירושליים
148023,"ואתחנן תשפ""ה",גור חיפה
148024,"ואתחנן תשפ""ה",בית תפילה מודיעין עילי
148025,"ואתחנן תשפ""ה",ישעיהו בני ברק
148026,"ואתחנן תשפ""ה",אולסוונגר ירושליים
148033,"ואתחנן תשפ""ה",בית שמואל אשדוד
148034,"ואתחנן תשפ""ה",בית חלקיה
148037,"ואתחנן תשפ""ה",הרים לוין אשדוד
148043,"ואתחנן תשפ""ה",הצבעוני אשדוד
148044,"ואתחנן תשפ""ה",סנהדריה המורחבת ירושלי
148045,"ואתחנן תשפ""ה",חזון איש זכרון יעקב
148047,"ואתחנן תשפ""ה",חפץ חיים זכרון יעקב
148048,"ואתחנן תשפ""ה","חידושי הרי""ם בני ברק"
148051,"ואתחנן תשפ""ה",טלזסטון
148052,"ואתחנן תשפ""ה",בני הישיבות בני ברק
148053,"ואתחנן תשפ""ה",נחל שורק בית שמש
148054,"ואתחנן תשפ""ה",יהלום אופקים
148057,"ואתחנן תשפ""ה",ינאי אשדוד
148058,"ואתחנן תשפ""ה",בית וגן ירושליים
148061,"ואתחנן תשפ""ה",חזון דוד מודיעין עילית
148063,"ואתחנן תשפ""ה",קרית צאנז נתניה
148067,"ואתחנן תשפ""ה","הרב בנדר ביתר עילית "
148070,"ואתחנן תשפ""ה",הפסגה ירושליים
148071,"ואתחנן תשפ""ה",בר אילן בית שמש
148077,"ואתחנן תשפ""ה",מבצע חורב אשדוד
148078,"ואתחנן תשפ""ה",בית ספר טללים - ערד
148079,"ואתחנן תשפ""ה",ויקטור ויוליוס נווה יע
148084,"ואתחנן תשפ""ה",אהרונוסון בני ברק
148086,"ואתחנן תשפ""ה",גבעה A ביתר
148087,"ואתחנן תשפ""ה",רמות פולין- ירושליים
148088,"ואתחנן תשפ""ה",עפולה גבעת המורה
148089,"ואתחנן תשפ""ה",נווה יעקב-ירושלים
148090,"ואתחנן תשפ""ה",ענתות גבעת זאב
148092,"ואתחנן תשפ""ה",שיכון ו בני ברק
148094,"ואתחנן תשפ""ה",בתי אבות בני ברק
148096,"ואתחנן תשפ""ה",רבי יהשוע בית שמש
148097,"ואתחנן תשפ""ה",שמואל הנביא ירושליים
148101,"ואתחנן תשפ""ה",עובדי מחסן
148109,"ואתחנן תשפ""ה",פרדס כץ בני ברק
148111,"ואתחנן תשפ""ה",אלנקווה אופקים
148115,"ואתחנן תשפ""ה",טבנקין נווה יעקב ירושל
148117,"ואתחנן תשפ""ה",מנין אברכים בני ברק
148126,"ואתחנן תשפ""ה","מהרי""ל מודיעין עילית"
148131,"ואתחנן תשפ""ה",יונה בן אמיתי בית שמש
148134,"ואתחנן תשפ""ה",מינץ ירושליים
148139,"ואתחנן תשפ""ה",זכרון אברהם ירושליים
148143,"ואתחנן תשפ""ה",גולאק נווה יעקב ירושלי
148145,"ואתחנן תשפ""ה",נחלת שלמה נתיבות
148148,"ואתחנן תשפ""ה",חטיבת הנגב אשדוד
148149,"ואתחנן תשפ""ה",ברכת משה חיפה
148151,"ואתחנן תשפ""ה","הרי""ף אופקים"
148152,"ואתחנן תשפ""ה",הר חומה ירושליים
148153,"ואתחנן תשפ""ה",נג'ארה ירושליים
148155,"ואתחנן תשפ""ה",חבל שלום
148158,"ואתחנן תשפ""ה",גילה ירושליים
148164,"ואתחנן תשפ""ה",הרב חיות נווה יעקב ירו
148167,"ואתחנן תשפ""ה",מישאל מזרחי פסגת זאב
148172,"ואתחנן תשפ""ה",אמרי בינה ירושליים
148173,"ואתחנן תשפ""ה","רלב""ג בני ברק"
148174,"ואתחנן תשפ""ה",נוף כנרת טבריה
148175,"ואתחנן תשפ""ה",מעלה הזיתים ירושליים
148177,"ואתחנן תשפ""ה",בתי הורנשטיין ירושליים
148179,"ואתחנן תשפ""ה",רבנו תם בני ברק
148182,"ואתחנן תשפ""ה",דימונה
148186,"ואתחנן תשפ""ה",כרם אברהם ירושליים
148188,"ואתחנן תשפ""ה",גשר החיים ירושליים
148190,"ואתחנן תשפ""ה",גבעת מרדכי ירושליים
148196,"ואתחנן תשפ""ה",שבטי ישראל אחיסמך
148212,"ואתחנן תשפ""ה",קהילות יעקב מודיעין עי
148214,"ואתחנן תשפ""ה",רפפורט ירושליים
148219,"ואתחנן תשפ""ה",בר יקר נווה יעקב
148227,"ואתחנן תשפ""ה",בית שאן
148229,"ואתחנן תשפ""ה",רבי טרפון מודיעין עילי
148230,"ואתחנן תשפ""ה",אורליאן בני ברק
148231,"ואתחנן תשפ""ה",סולם יעקב ירושליים
148233,"ואתחנן תשפ""ה",נאות שמחה מודיעין עילי
148234,"ואתחנן תשפ""ה",בן קיסמא בית שמש
148236,"ואתחנן תשפ""ה",משה רבנו אחיסמך
148240,"ואתחנן תשפ""ה",בני דוד עלי
148242,"ואתחנן תשפ""ה","גדליה נוימן נווה יעקב "
148244,"ואתחנן תשפ""ה",אלחריזי בית ד' בני ברק
148245,"ואתחנן תשפ""ה",קובלסקי בני ברק
148248,"ואתחנן תשפ""ה",שערי תשובה מודיעין עיל
148256,"ואתחנן תשפ""ה",נרקיסים - נוף הגליל
148263,"ואתחנן תשפ""ה",משולם ראט - ירושלים
148268,"ואתחנן תשפ""ה",האמוראים בית שמש
148277,"ואתחנן תשפ""ה",הרב פניז'ל נווה יעקב י
148292,"ואתחנן תשפ""ה",רבנו אשר בני ברק
148295,"ואתחנן תשפ""ה",כנסת יחזקאל ביתר עילית
148299,"ואתחנן תשפ""ה",הורדים רכסים
148300,"ואתחנן תשפ""ה",אור הגנוז
148304,"ואתחנן תשפ""ה",הספרייה ירושליים
148315,"ואתחנן תשפ""ה",רב חנינא בית שמש
148321,"ואתחנן תשפ""ה",נלסון גליק ירושליים
148330,"ואתחנן תשפ""ה","מאור חיים צפת "
148337,"ואתחנן תשפ""ה","ברקן קרית גת "
148356,"ראה תשפ""ה",יהודה הנשיא מודיעין עי
148357,"ראה תשפ""ה",רבי עקיבא מודיעין עילי
148360,"ראה תשפ""ה",מרומי שדה מודיעין עילי
148361,"ראה תשפ""ה",נאות הפיסגה מודיעין עי
148362,"ראה תשפ""ה",נהר הירדן בית שמש
148368,"ראה תשפ""ה",שכונת אור החיים בני בר
148369,"ראה תשפ""ה",שטרן ירושליים
148370,"ראה תשפ""ה",זנגוויל ירושליים
148372,"ראה תשפ""ה",בעלזא חיפה
148373,"ראה תשפ""ה",גור חיפה
148374,"ראה תשפ""ה",בית תפילה מודיעין עילי
148375,"ראה תשפ""ה",ישעיהו בני ברק
148381,"ראה תשפ""ה",נאות יוסף בני ברק
148382,"ראה תשפ""ה",נפש החיים אשדוד
148383,"ראה תשפ""ה",בית שמואל אשדוד
148385,"ראה תשפ""ה",גבעת ירושלים בית שמש
148390,"ראה תשפ""ה",קרלין מודיעין עילית
148392,"ראה תשפ""ה",גרין פארק מודיעין עילי
148393,"ראה תשפ""ה",הצבעוני אשדוד
148394,"ראה תשפ""ה",סנהדריה המורחבת ירושלי
148397,"ראה תשפ""ה",חפץ חיים זכרון יעקב
148402,"ראה תשפ""ה",בני הישיבות בני ברק
148403,"ראה תשפ""ה",נחל שורק בית שמש
148405,"ראה תשפ""ה",הקריה אופקים
148407,"ראה תשפ""ה",ינאי אשדוד
148408,"ראה תשפ""ה",בית וגן ירושליים
148411,"ראה תשפ""ה",חזון דוד מודיעין עילית
148412,"ראה תשפ""ה",תפרח
148417,"ראה תשפ""ה","הרב בנדר ביתר עילית "
148420,"ראה תשפ""ה",הפסגה ירושליים
148422,"ראה תשפ""ה",קרית גת
148426,"ראה תשפ""ה",גני יצהר- אלעד
148428,"ראה תשפ""ה",בית ספר טללים - ערד
148429,"ראה תשפ""ה",ויקטור ויוליוס נווה יע
148432,"ראה תשפ""ה",רמבם בני ברק
148433,"ראה תשפ""ה",בן זכאי בני ברק
148435,"ראה תשפ""ה",פאגי ירושליים
148436,"ראה תשפ""ה",גבעה A ביתר
148437,"ראה תשפ""ה",רמות פולין- ירושליים
148442,"ראה תשפ""ה",שיכון ו בני ברק
148445,"ראה תשפ""ה",מבוא שניר קרית גת
148450,"ראה תשפ""ה",גבעת שאול - ירושליים
148451,"ראה תשפ""ה",עובדי מחסן
148452,"ראה תשפ""ה",רמת שלמה - ירושליים
148453,"ראה תשפ""ה",הרב קוק - רכסים
148456,"ראה תשפ""ה",בית מרגלית בני ברק
148458,"ראה תשפ""ה",קרית הרצוג בני ברק
148464,"ראה תשפ""ה",הר יונה נוף הגליל
148469,"ראה תשפ""ה",הרב הירש בני ברק
148471,"ראה תשפ""ה",שלב ד בית שמש
148478,"ראה תשפ""ה",בעל הנס אשדוד
148481,"ראה תשפ""ה",יונה בן אמיתי בית שמש
148484,"ראה תשפ""ה",מינץ ירושליים
148485,"ראה תשפ""ה",מיימון בני ברק
148486,"ראה תשפ""ה",משה סנה נווה יעקב
148489,"ראה תשפ""ה",זכרון אברהם ירושליים
148490,"ראה תשפ""ה",אהל איתן נווה יעקב ירו
148491,"ראה תשפ""ה",חיל האוויר פסגת זאב
148494,"ראה תשפ""ה","אבא אחימאיר נווה יעקב "
148495,"ראה תשפ""ה",נחלת שלמה נתיבות
148500,"ראה תשפ""ה",כרמיאל (שכ' הדרומית)
148503,"ראה תשפ""ה",נג'ארה ירושליים
148505,"ראה תשפ""ה",חבל שלום
148511,"ראה תשפ""ה",גינת יוסף בני ברק
148522,"ראה תשפ""ה",אמרי בינה ירושליים
148523,"ראה תשפ""ה","רלב""ג בני ברק"
148525,"ראה תשפ""ה",מעלה הזיתים ירושליים
148527,"ראה תשפ""ה",בתי הורנשטיין ירושליים
148529,"ראה תשפ""ה",רבנו תם בני ברק
148530,"ראה תשפ""ה",הבוכרים ירושליים
148536,"ראה תשפ""ה",כרם אברהם ירושליים
148538,"ראה תשפ""ה",גשר החיים ירושליים
148540,"ראה תשפ""ה",גבעת מרדכי ירושליים
148541,"ראה תשפ""ה",נוה צבי ירושליים
148546,"ראה תשפ""ה",שבטי ישראל אחיסמך
148551,"ראה תשפ""ה",שבט אפרים אחיסמך
148552,"ראה תשפ""ה",איילת השחר בני ברק
148561,"ראה תשפ""ה",רחובות
148562,"ראה תשפ""ה",קהילות יעקב מודיעין עי
148563,"ראה תשפ""ה",האצולה בית שמש
148569,"ראה תשפ""ה",בר יקר נווה יעקב
148570,"ראה תשפ""ה",מאור שרגא - אלעד
148577,"ראה תשפ""ה",בית שאן
148579,"ראה תשפ""ה",רבי טרפון מודיעין עילי
148581,"ראה תשפ""ה",סולם יעקב ירושליים
148584,"ראה תשפ""ה",בן קיסמא בית שמש
148587,"ראה תשפ""ה",גבעת רונן
148589,"ראה תשפ""ה",סלומון פתח תקווה
148590,"ראה תשפ""ה",בני דוד עלי
148594,"ראה תשפ""ה",אלחריזי בית ד' בני ברק
148598,"ראה תשפ""ה",שערי תשובה מודיעין עיל
148602,"ראה תשפ""ה",חבקוק בני ברק
148605,"ראה תשפ""ה",צוקרמן נווה יעקב ירושל
148606,"ראה תשפ""ה",נרקיסים - נוף הגליל
148610,"ראה תשפ""ה",גן הדסים - מודיעין עיל
148613,"ראה תשפ""ה",משולם ראט - ירושלים
148620,"ראה תשפ""ה",הגבעה הצרפתית ירושליים
148623,"ראה תשפ""ה",הרב שך ביתר עילית
148625,"ראה תשפ""ה",עליית הנוער עפולה
148626,"ראה תשפ""ה","לוחמי הגטאות צפת "
148627,"ראה תשפ""ה",הרב פניז'ל נווה יעקב י
148630,"ראה תשפ""ה",ברכיה בית שמש
148634,"ראה תשפ""ה",אהבת ישראל תל ציון (על
148635,"ראה תשפ""ה",מבוא חורון
148645,"ראה תשפ""ה",כנסת יחזקאל ביתר עילית
148649,"ראה תשפ""ה",הורדים רכסים
148650,"ראה תשפ""ה",אור הגנוז
148666,"ראה תשפ""ה",רב חנינא בית שמש
148667,"ראה תשפ""ה",קדושת לוי ביתר עילית
148668,"ראה תשפ""ה",מבוא מרגלית ביתר עילית
148672,"ראה תשפ""ה",נלסון גליק ירושליים
148683,"ראה תשפ""ה",באר מים חיים בני ברק
148686,"ראה תשפ""ה",מאיר בלבן נווה יעקב יר
148692,"ראה תשפ""ה",רועי קליין בית שמש
148706,"שופטים תשפ""ה",יהודה הנשיא מודיעין עי
148707,"שופטים תשפ""ה",רבי עקיבא מודיעין עילי
148708,"שופטים תשפ""ה",שדרות יחזקאל מודיעין ע
148709,"שופטים תשפ""ה",קנה בושם בית שמש
148710,"שופטים תשפ""ה",מרומי שדה מודיעין עילי
148711,"שופטים תשפ""ה",נאות הפיסגה מודיעין עי
148712,"שופטים תשפ""ה",נהר הירדן בית שמש
148713,"שופטים תשפ""ה",כולל ברסלב בני ברק
148715,"שופטים תשפ""ה",קצות החושן מודיעין עיל
148716,"שופטים תשפ""ה",מסילת יוסף מודיעין עיל
148718,"שופטים תשפ""ה",שכונת אור החיים בני בר
148719,"שופטים תשפ""ה",שטרן ירושליים
148720,"שופטים תשפ""ה",זנגוויל ירושליים
148721,"שופטים תשפ""ה",נווה שאנן חיפה
148722,"שופטים תשפ""ה",בעלזא חיפה
148723,"שופטים תשפ""ה",גור חיפה
148724,"שופטים תשפ""ה",בית תפילה מודיעין עילי
148725,"שופטים תשפ""ה",ישעיהו בני ברק
148726,"שופטים תשפ""ה",אולסוונגר ירושליים
148727,"שופטים תשפ""ה",דולב בית שמש
148728,"שופטים תשפ""ה",שאץ בני ברק
148729,"שופטים תשפ""ה",אביי ורבא מודיעין עילי
148731,"שופטים תשפ""ה",נאות יוסף בני ברק
148732,"שופטים תשפ""ה",נפש החיים אשדוד
148735,"שופטים תשפ""ה",גבעת ירושלים בית שמש
148737,"שופטים תשפ""ה",הרים לוין אשדוד
148738,"שופטים תשפ""ה",החרובים רכסים
148739,"שופטים תשפ""ה",התמר ביתר
148740,"שופטים תשפ""ה",קרלין מודיעין עילית
148741,"שופטים תשפ""ה",רשבי מודיעין עילית
148742,"שופטים תשפ""ה",גרין פארק מודיעין עילי
148743,"שופטים תשפ""ה",הצבעוני אשדוד
148744,"שופטים תשפ""ה",סנהדריה המורחבת ירושלי
148745,"שופטים תשפ""ה",חזון איש זכרון יעקב
148747,"שופטים תשפ""ה",חפץ חיים זכרון יעקב
148748,"שופטים תשפ""ה","חידושי הרי""ם בני ברק"
148751,"שופטים תשפ""ה",טלזסטון
148752,"שופטים תשפ""ה",בני הישיבות בני ברק
148753,"שופטים תשפ""ה",נחל שורק בית שמש
148756,"שופטים תשפ""ה",צאלון אופקים
148757,"שופטים תשפ""ה",ינאי אשדוד
148758,"שופטים תשפ""ה",בית וגן ירושליים
148759,"שופטים תשפ""ה",רשבם מודיעין עילית
148760,"שופטים תשפ""ה",רוממה ירושליים
148761,"שופטים תשפ""ה",חזון דוד מודיעין עילית
148762,"שופטים תשפ""ה",תפרח
148764,"שופטים תשפ""ה",לב שמחה בית שמש
148766,"שופטים תשפ""ה",הגבעה תפרח
148767,"שופטים תשפ""ה","הרב בנדר ביתר עילית "
148768,"שופטים תשפ""ה",עפולה עילית
148769,"שופטים תשפ""ה",קרית אתא
148770,"שופטים תשפ""ה",הפסגה ירושליים
148771,"שופטים תשפ""ה",בר אילן בית שמש
148772,"שופטים תשפ""ה",קרית גת
148773,"שופטים תשפ""ה",אלומה
148774,"שופטים תשפ""ה",בית יוסף בני ברק
148776,"שופטים תשפ""ה",גני יצהר- אלעד
148777,"שופטים תשפ""ה",מבצע חורב אשדוד
148778,"שופטים תשפ""ה",בית ספר טללים - ערד
148779,"שופטים תשפ""ה",ויקטור ויוליוס נווה יע
148782,"שופטים תשפ""ה",רמבם בני ברק
148783,"שופטים תשפ""ה",בן זכאי בני ברק
148784,"שופטים תשפ""ה",אהרונוסון בני ברק
148785,"שופטים תשפ""ה",פאגי ירושליים
148786,"שופטים תשפ""ה",גבעה A ביתר
148787,"שופטים תשפ""ה",רמות פולין- ירושליים
148788,"שופטים תשפ""ה",עפולה גבעת המורה
148789,"שופטים תשפ""ה",נווה יעקב-ירושלים
148790,"שופטים תשפ""ה",ענתות גבעת זאב
148791,"שופטים תשפ""ה",מעונות ויז'ניץ בני ברק
148792,"שופטים תשפ""ה",שיכון ו בני ברק
148793,"שופטים תשפ""ה",עמוס - דברי שיר בני בר
148794,"שופטים תשפ""ה",בתי אבות בני ברק
148797,"שופטים תשפ""ה",שמואל הנביא ירושליים
148798,"שופטים תשפ""ה",יוכבד בית שמש
148800,"שופטים תשפ""ה",גבעת שאול - ירושליים
148801,"שופטים תשפ""ה",עובדי מחסן
148802,"שופטים תשפ""ה",רמת שלמה - ירושליים
148803,"שופטים תשפ""ה",הרב קוק - רכסים
148805,"שופטים תשפ""ה",רמת אהרן בני ברק
148806,"שופטים תשפ""ה",בית מרגלית בני ברק
148807,"שופטים תשפ""ה",סלונים בני ברק
148808,"שופטים תשפ""ה",קרית הרצוג בני ברק
148810,"שופטים תשפ""ה","חדרה "
148812,"שופטים תשפ""ה",עידו הנביא בית שמש
148813,"שופטים תשפ""ה",ירוחם
148814,"שופטים תשפ""ה",הר יונה נוף הגליל
148815,"שופטים תשפ""ה",טבנקין נווה יעקב ירושל
148817,"שופטים תשפ""ה",מנין אברכים בני ברק
148818,"שופטים תשפ""ה",משכנות יעקב ירושליים
148819,"שופטים תשפ""ה",הרב הירש בני ברק
148821,"שופטים תשפ""ה",שלב ד בית שמש
148825,"שופטים תשפ""ה",תל ציון (אהבת ישראל תח
148826,"שופטים תשפ""ה","מהרי""ל מודיעין עילית"
148827,"שופטים תשפ""ה",דזיקוב בית שמש
148829,"שופטים תשפ""ה",החצב רכסים
148830,"שופטים תשפ""ה",עטרת שלמה מודיעין עילי
148831,"שופטים תשפ""ה",יונה בן אמיתי בית שמש
148832,"שופטים תשפ""ה",יד בנימין
148834,"שופטים תשפ""ה",מינץ ירושליים
148837,"שופטים תשפ""ה",שאגת אריה מודיעין עילי
148838,"שופטים תשפ""ה",שאדיקר נווה יעקב ירושל
148839,"שופטים תשפ""ה",זכרון אברהם ירושליים
148840,"שופטים תשפ""ה",אהל איתן נווה יעקב ירו
148841,"שופטים תשפ""ה",חיל האוויר פסגת זאב
148842,"שופטים תשפ""ה",בית יצחק מודיעין עילית
148843,"שופטים תשפ""ה",גולאק נווה יעקב ירושלי
148844,"שופטים תשפ""ה","אבא אחימאיר נווה יעקב "
148845,"שופטים תשפ""ה",נחלת שלמה נתיבות
148846,"שופטים תשפ""ה",בית ישראל ירושליים
148847,"שופטים תשפ""ה",יבניאל
148849,"שופטים תשפ""ה",ברכת משה חיפה
148850,"שופטים תשפ""ה",כרמיאל (שכ' הדרומית)
148852,"שופטים תשפ""ה",הר חומה ירושליים
148853,"שופטים תשפ""ה",נג'ארה ירושליים
148855,"שופטים תשפ""ה",חבל שלום
148858,"שופטים תשפ""ה",גילה ירושליים
148862,"שופטים תשפ""ה",גבעת זאב
148863,"שופטים תשפ""ה",רב אשי בני ברק
148864,"שופטים תשפ""ה",הרב חיות נווה יעקב ירו
148865,"שופטים תשפ""ה",מרים הנביאה בית שמש
148866,"שופטים תשפ""ה",ישיבת מצפה יריחו
148867,"שופטים תשפ""ה",מישאל מזרחי פסגת זאב
148868,"שופטים תשפ""ה",אבי עזרי מודיעין עילית
148869,"שופטים תשפ""ה",הרב רביץ נווה יעקב ירו
148872,"שופטים תשפ""ה",אמרי בינה ירושליים
148874,"שופטים תשפ""ה",נוף כנרת טבריה
148875,"שופטים תשפ""ה",מעלה הזיתים ירושליים
148877,"שופטים תשפ""ה",בתי הורנשטיין ירושליים
148879,"שופטים תשפ""ה",רבנו תם בני ברק
148880,"שופטים תשפ""ה",הבוכרים ירושליים
148881,"שופטים תשפ""ה",עמנואל
148883,"שופטים תשפ""ה",מצפה רמון
148884,"שופטים תשפ""ה",זאב חקלאי ירושליים
148885,"שופטים תשפ""ה",שבט גד אחיסמך
148886,"שופטים תשפ""ה",כרם אברהם ירושליים
148888,"שופטים תשפ""ה",גשר החיים ירושליים
148889,"שופטים תשפ""ה",יעקב אלעזר ירושליים
148890,"שופטים תשפ""ה",גבעת מרדכי ירושליים
148891,"שופטים תשפ""ה",נוה צבי ירושליים
148893,"שופטים תשפ""ה",באר שבע
148896,"שופטים תשפ""ה",שבטי ישראל אחיסמך
148898,"שופטים תשפ""ה",קרית מנחם ירושליים
148899,"שופטים תשפ""ה",שערי חסד ירושליים
148900,"שופטים תשפ""ה",נווה אברהם חיפה
148901,"שופטים תשפ""ה",שבט אפרים אחיסמך
148902,"שופטים תשפ""ה",איילת השחר בני ברק
148907,"שופטים תשפ""ה",אלישע הנביא בית שמש
148908,"שופטים תשפ""ה","רש""י ירושליים"
148910,"שופטים תשפ""ה",עטרת משה בני ברק
148911,"שופטים תשפ""ה",רחובות
148912,"שופטים תשפ""ה",קהילות יעקב מודיעין עי
148913,"שופטים תשפ""ה",האצולה בית שמש
148914,"שופטים תשפ""ה",רפפורט ירושליים
148915,"שופטים תשפ""ה",קרית שמואל
148919,"שופטים תשפ""ה",בר יקר נווה יעקב
148920,"שופטים תשפ""ה",מאור שרגא - אלעד
148923,"שופטים תשפ""ה",דמשק אליעזר בני ברק
148925,"שופטים תשפ""ה",תכלת מרדכי בית שמש
148926,"שופטים תשפ""ה",רמת השרון
148927,"שופטים תשפ""ה",בית שאן
148929,"שופטים תשפ""ה",רבי טרפון מודיעין עילי
148930,"שופטים תשפ""ה",אורליאן בני ברק
148931,"שופטים תשפ""ה",סולם יעקב ירושליים
148933,"שופטים תשפ""ה",נאות שמחה מודיעין עילי
148936,"שופטים תשפ""ה",משה רבנו אחיסמך
148937,"שופטים תשפ""ה",גבעת רונן
148938,"שופטים תשפ""ה",לואי ליפסקי ירושליים
148939,"שופטים תשפ""ה",סלומון פתח תקווה
148940,"שופטים תשפ""ה",בני דוד עלי
148941,"שופטים תשפ""ה",סירקין בני ברק
148942,"שופטים תשפ""ה","גדליה נוימן נווה יעקב "
148943,"שופטים תשפ""ה",ארץ חפץ ירושליים
148944,"שופטים תשפ""ה",אלחריזי בית ד' בני ברק
148945,"שופטים תשפ""ה",קובלסקי בני ברק
148947,"שופטים תשפ""ה",רבבה
148948,"שופטים תשפ""ה",שערי תשובה מודיעין עיל
148949,"שופטים תשפ""ה",ירמיהו בית שמש
148952,"שופטים תשפ""ה",חבקוק בני ברק
148954,"שופטים תשפ""ה",נהרדעא בית שמש
148955,"שופטים תשפ""ה",צוקרמן נווה יעקב ירושל
148956,"שופטים תשפ""ה",נרקיסים - נוף הגליל
148961,"שופטים תשפ""ה",היכל נפתלי - מודיעין ע
148963,"שופטים תשפ""ה",משולם ראט - ירושלים
148964,"שופטים תשפ""ה",רמת הנביאים בית שמש
148965,"שופטים תשפ""ה","יביע אומר ביתר עילית "
148966,"שופטים תשפ""ה",משביע לכל חי ירושליים
148968,"שופטים תשפ""ה",האמוראים בית שמש
148969,"שופטים תשפ""ה",נריה
148970,"שופטים תשפ""ה",הגבעה הצרפתית ירושליים
148977,"שופטים תשפ""ה",הרב פניז'ל נווה יעקב י
148978,"שופטים תשפ""ה",בת ים
148979,"שופטים תשפ""ה",לוד
148980,"שופטים תשפ""ה",ברכיה בית שמש
148984,"שופטים תשפ""ה",אהבת ישראל תל ציון (על
148985,"שופטים תשפ""ה",מבוא חורון
148987,"שופטים תשפ""ה",בן צבי טבריה
148991,"שופטים תשפ""ה",זכריה בני ברק
148994,"שופטים תשפ""ה",הוילה  בני ברק
148995,"שופטים תשפ""ה",כנסת יחזקאל ביתר עילית
148999,"שופטים תשפ""ה",הורדים רכסים
149000,"שופטים תשפ""ה",אור הגנוז
149001,"שופטים תשפ""ה",בית אהרן אשקלון
149002,"שופטים תשפ""ה",ישמח ישראל ביתר עילית
149003,"שופטים תשפ""ה",כרמי קטיף
149004,"שופטים תשפ""ה",הספרייה ירושליים
149010,"שופטים תשפ""ה",גבעת הראה
149012,"שופטים תשפ""ה",כפר חבד
149013,"שופטים תשפ""ה",הפלמח ירוחם
149015,"שופטים תשפ""ה",עתניאל
149016,"שופטים תשפ""ה",רב חנינא בית שמש
149017,"שופטים תשפ""ה",קדושת לוי ביתר עילית
149018,"שופטים תשפ""ה",מבוא מרגלית ביתר עילית
149020,"שופטים תשפ""ה","שבט הלוי ירושליים "
149021,"שופטים תשפ""ה",תלמוד בבלי בית שמש
149022,"שופטים תשפ""ה",נלסון גליק ירושליים
149029,"שופטים תשפ""ה",אוהב ישראל ביתר עילית
149030,"שופטים תשפ""ה","האתרוג ביתר עילית "
149031,"שופטים תשפ""ה","מאור חיים צפת "
149033,"שופטים תשפ""ה",באר מים חיים בני ברק
149034,"שופטים תשפ""ה",אחיה השילוני בית שמש
149036,"שופטים תשפ""ה",מאיר בלבן נווה יעקב יר
149039,"שופטים תשפ""ה",מיכשוולי אשדוד
149043,"שופטים תשפ""ה",בית אביגדור אשדוד
149055,"כי תצא תשפ""ה",אבני נזר מודיעין עילית
149056,"כי תצא תשפ""ה",יהודה הנשיא מודיעין עי
149057,"כי תצא תשפ""ה",רבי עקיבא מודיעין עילי
149058,"כי תצא תשפ""ה",שדרות יחזקאל מודיעין ע
149059,"כי תצא תשפ""ה",קנה בושם בית שמש
149060,"כי תצא תשפ""ה",מרומי שדה מודיעין עילי
149061,"כי תצא תשפ""ה",נאות הפיסגה מודיעין עי
149062,"כי תצא תשפ""ה",נהר הירדן בית שמש
149063,"כי תצא תשפ""ה",כולל ברסלב בני ברק
149064,"כי תצא תשפ""ה",ישיבת מיר
149065,"כי תצא תשפ""ה",קצות החושן מודיעין עיל
149066,"כי תצא תשפ""ה",מסילת יוסף מודיעין עיל
149067,"כי תצא תשפ""ה",ליבו חפץ מודיעין עילית
149068,"כי תצא תשפ""ה",שכונת אור החיים בני בר
149069,"כי תצא תשפ""ה",שטרן ירושליים
149070,"כי תצא תשפ""ה",זנגוויל ירושליים
149071,"כי תצא תשפ""ה",נווה שאנן חיפה
149072,"כי תצא תשפ""ה",בעלזא חיפה
149073,"כי תצא תשפ""ה",גור חיפה
149074,"כי תצא תשפ""ה",בית תפילה מודיעין עילי
149075,"כי תצא תשפ""ה",ישעיהו בני ברק
149076,"כי תצא תשפ""ה",אולסוונגר ירושליים
149077,"כי תצא תשפ""ה",דולב בית שמש
149078,"כי תצא תשפ""ה",שאץ בני ברק
149079,"כי תצא תשפ""ה",אביי ורבא מודיעין עילי
149080,"כי תצא תשפ""ה",חפציבה מודיעין עילית
149081,"כי תצא תשפ""ה",נאות יוסף בני ברק
149082,"כי תצא תשפ""ה",נפש החיים אשדוד
149083,"כי תצא תשפ""ה",בית שמואל אשדוד
149084,"כי תצא תשפ""ה",בית חלקיה
149085,"כי תצא תשפ""ה",גבעת ירושלים בית שמש
149086,"כי תצא תשפ""ה",קרית מלאכי
149087,"כי תצא תשפ""ה",הרים לוין אשדוד
149088,"כי תצא תשפ""ה",החרובים רכסים
149089,"כי תצא תשפ""ה",התמר ביתר
149090,"כי תצא תשפ""ה",קרלין מודיעין עילית
149091,"כי תצא תשפ""ה",רשבי מודיעין עילית
149092,"כי תצא תשפ""ה",גרין פארק מודיעין עילי
149093,"כי תצא תשפ""ה",הצבעוני אשדוד
149094,"כי תצא תשפ""ה",סנהדריה המורחבת ירושלי
149095,"כי תצא תשפ""ה",חזון איש זכרון יעקב
149096,"כי תצא תשפ""ה",מחסן
149097,"כי תצא תשפ""ה",חפץ חיים זכרון יעקב
149098,"כי תצא תשפ""ה","חידושי הרי""ם בני ברק"
149099,"כי תצא תשפ""ה",אשל אברהם בני ברק
149100,"כי תצא תשפ""ה",מעלה אדומים
149101,"כי תצא תשפ""ה",טלזסטון
149102,"כי תצא תשפ""ה",בני הישיבות בני ברק
149103,"כי תצא תשפ""ה",נחל שורק בית שמש
149104,"כי תצא תשפ""ה",יהלום אופקים
149105,"כי תצא תשפ""ה",הקריה אופקים
149106,"כי תצא תשפ""ה",צאלון אופקים
149107,"כי תצא תשפ""ה",ינאי אשדוד
149108,"כי תצא תשפ""ה",בית וגן ירושליים
149109,"כי תצא תשפ""ה",רשבם מודיעין עילית
149110,"כי תצא תשפ""ה",רוממה ירושליים
149111,"כי תצא תשפ""ה",חזון דוד מודיעין עילית
149112,"כי תצא תשפ""ה",תפרח
149113,"כי תצא תשפ""ה",קרית צאנז נתניה
149114,"כי תצא תשפ""ה",לב שמחה בית שמש
149115,"כי תצא תשפ""ה",שמעיה - אלעד
149116,"כי תצא תשפ""ה",הגבעה תפרח
149117,"כי תצא תשפ""ה","הרב בנדר ביתר עילית "
149118,"כי תצא תשפ""ה",עפולה עילית
149119,"כי תצא תשפ""ה",קרית אתא
149120,"כי תצא תשפ""ה",הפסגה ירושליים
149121,"כי תצא תשפ""ה",בר אילן בית שמש
149122,"כי תצא תשפ""ה",קרית גת
149123,"כי תצא תשפ""ה",אלומה
149124,"כי תצא תשפ""ה",בית יוסף בני ברק
149125,"כי תצא תשפ""ה",דרך החיים- אלעד
149126,"כי תצא תשפ""ה",גני יצהר- אלעד
149127,"כי תצא תשפ""ה",מבצע חורב אשדוד
149128,"כי תצא תשפ""ה",בית ספר טללים - ערד
149129,"כי תצא תשפ""ה",ויקטור ויוליוס נווה יע
149130,"כי תצא תשפ""ה",מבוא די זהב ירושליים
149131,"כי תצא תשפ""ה",פרל בני ברק
149132,"כי תצא תשפ""ה",רמבם בני ברק
149133,"כי תצא תשפ""ה",בן זכאי בני ברק
149134,"כי תצא תשפ""ה",אהרונוסון בני ברק
149135,"כי תצא תשפ""ה",פאגי ירושליים
149136,"כי תצא תשפ""ה",גבעה A ביתר
149137,"כי תצא תשפ""ה",רמות פולין- ירושליים
149138,"כי תצא תשפ""ה",עפולה גבעת המורה
149139,"כי תצא תשפ""ה",נווה יעקב-ירושלים
149140,"כי תצא תשפ""ה",ענתות גבעת זאב
149141,"כי תצא תשפ""ה",מעונות ויז'ניץ בני ברק
149142,"כי תצא תשפ""ה",שיכון ו בני ברק
149143,"כי תצא תשפ""ה",עמוס - דברי שיר בני בר
149144,"כי תצא תשפ""ה",בתי אבות בני ברק
149145,"כי תצא תשפ""ה",מבוא שניר קרית גת
149146,"כי תצא תשפ""ה",רבי יהשוע בית שמש
149147,"כי תצא תשפ""ה",שמואל הנביא ירושליים
149148,"כי תצא תשפ""ה",יוכבד בית שמש
149149,"כי תצא תשפ""ה",שער המלך מודיעין עילית
149150,"כי תצא תשפ""ה",גבעת שאול - ירושליים
149151,"כי תצא תשפ""ה",עובדי מחסן
149152,"כי תצא תשפ""ה",רמת שלמה - ירושליים
149153,"כי תצא תשפ""ה",הרב קוק - רכסים
149154,"כי תצא תשפ""ה",אבן גבירול בני ברק
149155,"כי תצא תשפ""ה",רמת אהרן בני ברק
149156,"כי תצא תשפ""ה",בית מרגלית בני ברק
149157,"כי תצא תשפ""ה",סלונים בני ברק
149158,"כי תצא תשפ""ה",קרית הרצוג בני ברק
149159,"כי תצא תשפ""ה",פרדס כץ בני ברק
149160,"כי תצא תשפ""ה","חדרה "
149161,"כי תצא תשפ""ה",אלנקווה אופקים
149162,"כי תצא תשפ""ה",עידו הנביא בית שמש
149163,"כי תצא תשפ""ה",ירוחם
149164,"כי תצא תשפ""ה",הר יונה נוף הגליל
149165,"כי תצא תשפ""ה",טבנקין נווה יעקב ירושל
149166,"כי תצא תשפ""ה",נתיבות שלום מודיעין עי
149167,"כי תצא תשפ""ה",מנין אברכים בני ברק
149168,"כי תצא תשפ""ה",משכנות יעקב ירושליים
149169,"כי תצא תשפ""ה",הרב הירש בני ברק
149170,"כי תצא תשפ""ה",החלוצים בני ברק
149171,"כי תצא תשפ""ה",שלב ד בית שמש
149172,"כי תצא תשפ""ה",עינב
149173,"כי תצא תשפ""ה","יסודות "
149175,"כי תצא תשפ""ה",תל ציון (אהבת ישראל תח
149176,"כי תצא תשפ""ה","מהרי""ל מודיעין עילית"
149177,"כי תצא תשפ""ה",דזיקוב בית שמש
149178,"כי תצא תשפ""ה",בעל הנס אשדוד
149179,"כי תצא תשפ""ה",החצב רכסים
149180,"כי תצא תשפ""ה",עטרת שלמה מודיעין עילי
149181,"כי תצא תשפ""ה",יונה בן אמיתי בית שמש
149182,"כי תצא תשפ""ה",יד בנימין
149183,"כי תצא תשפ""ה",הגליל כרמיאל
149184,"כי תצא תשפ""ה",מינץ ירושליים
149185,"כי תצא תשפ""ה",מיימון בני ברק
149186,"כי תצא תשפ""ה",משה סנה נווה יעקב
149187,"כי תצא תשפ""ה",שאגת אריה מודיעין עילי
149188,"כי תצא תשפ""ה",שאדיקר נווה יעקב ירושל
149189,"כי תצא תשפ""ה",זכרון אברהם ירושליים
149190,"כי תצא תשפ""ה",אהל איתן נווה יעקב ירו
149191,"כי תצא תשפ""ה",חיל האוויר פסגת זאב
149192,"כי תצא תשפ""ה",בית יצחק מודיעין עילית
149193,"כי תצא תשפ""ה",גולאק נווה יעקב ירושלי
149194,"כי תצא תשפ""ה","אבא אחימאיר נווה יעקב "
149195,"כי תצא תשפ""ה",נחלת שלמה נתיבות
149196,"כי תצא תשפ""ה",בית ישראל ירושליים
149197,"כי תצא תשפ""ה",יבניאל
149198,"כי תצא תשפ""ה",חטיבת הנגב אשדוד
149199,"כי תצא תשפ""ה",ברכת משה חיפה
149200,"כי תצא תשפ""ה",כרמיאל (שכ' הדרומית)
149201,"כי תצא תשפ""ה","הרי""ף אופקים"
149202,"כי תצא תשפ""ה",הר חומה ירושליים
149203,"כי תצא תשפ""ה",נג'ארה ירושליים
149204,"כי תצא תשפ""ה",דובדבן אופקים
149205,"כי תצא תשפ""ה",חבל שלום
149206,"כי תצא תשפ""ה",צפת
149207,"כי תצא תשפ""ה",טבריה
149208,"כי תצא תשפ""ה",גילה ירושליים
149209,"כי תצא תשפ""ה",ראשון לציון
149210,"כי תצא תשפ""ה",רבנו בחיי בני ברק
149211,"כי תצא תשפ""ה",גינת יוסף בני ברק
149212,"כי תצא תשפ""ה",גבעת זאב
149213,"כי תצא תשפ""ה",רב אשי בני ברק
149214,"כי תצא תשפ""ה",הרב חיות נווה יעקב ירו
149215,"כי תצא תשפ""ה",מרים הנביאה בית שמש
149216,"כי תצא תשפ""ה",ישיבת מצפה יריחו
149217,"כי תצא תשפ""ה",מישאל מזרחי פסגת זאב
149218,"כי תצא תשפ""ה",אבי עזרי מודיעין עילית
149219,"כי תצא תשפ""ה",הרב רביץ נווה יעקב ירו
149220,"כי תצא תשפ""ה",חריש
149221,"כי תצא תשפ""ה",מגדל העמק
149222,"כי תצא תשפ""ה",אמרי בינה ירושליים
149223,"כי תצא תשפ""ה","רלב""ג בני ברק"
149224,"כי תצא תשפ""ה",נוף כנרת טבריה
149225,"כי תצא תשפ""ה",מעלה הזיתים ירושליים
149226,"כי תצא תשפ""ה",דובר שלום נוף הגליל
149227,"כי תצא תשפ""ה",בתי הורנשטיין ירושליים
149228,"כי תצא תשפ""ה",באבוב אלעד
149229,"כי תצא תשפ""ה",רבנו תם בני ברק
149230,"כי תצא תשפ""ה",הבוכרים ירושליים
149231,"כי תצא תשפ""ה",עמנואל
149232,"כי תצא תשפ""ה",דימונה
149233,"כי תצא תשפ""ה",מצפה רמון
149234,"כי תצא תשפ""ה",זאב חקלאי ירושליים
149235,"כי תצא תשפ""ה",שבט גד אחיסמך
149236,"כי תצא תשפ""ה",כרם אברהם ירושליים
149237,"כי תצא תשפ""ה",מינצברג רוני שרון-ירוש
149238,"כי תצא תשפ""ה",גשר החיים ירושליים
149239,"כי תצא תשפ""ה",יעקב אלעזר ירושליים
149240,"כי תצא תשפ""ה",גבעת מרדכי ירושליים
149241,"כי תצא תשפ""ה",נוה צבי ירושליים
149243,"כי תצא תשפ""ה",באר שבע
149244,"כי תצא תשפ""ה",שפינוזה עפולה
149245,"כי תצא תשפ""ה",רב זירא בית שמש
149246,"כי תצא תשפ""ה",שבטי ישראל אחיסמך
149247,"כי תצא תשפ""ה",מעלות חברון קרית ארבע
149248,"כי תצא תשפ""ה",קרית מנחם ירושליים
149249,"כי תצא תשפ""ה",שערי חסד ירושליים
149250,"כי תצא תשפ""ה",נווה אברהם חיפה
149251,"כי תצא תשפ""ה",שבט אפרים אחיסמך
149252,"כי תצא תשפ""ה",איילת השחר בני ברק
149253,"כי תצא תשפ""ה",אהבת שלום תל ציון
149255,"כי תצא תשפ""ה",חצור הגלילית
149256,"כי תצא תשפ""ה",עשהאל
149257,"כי תצא תשפ""ה",אלישע הנביא בית שמש
149258,"כי תצא תשפ""ה","רש""י ירושליים"
149259,"כי תצא תשפ""ה",שדרות
149260,"כי תצא תשפ""ה",עטרת משה בני ברק
149261,"כי תצא תשפ""ה",רחובות
149262,"כי תצא תשפ""ה",קהילות יעקב מודיעין עי
149263,"כי תצא תשפ""ה",האצולה בית שמש
149264,"כי תצא תשפ""ה",רפפורט ירושליים
149265,"כי תצא תשפ""ה",קרית שמואל
149266,"כי תצא תשפ""ה",מיצד
149267,"כי תצא תשפ""ה",נויפלד בני ברק
149268,"כי תצא תשפ""ה",רבי מאיר בני ברק
149269,"כי תצא תשפ""ה",בר יקר נווה יעקב
149270,"כי תצא תשפ""ה",מאור שרגא - אלעד
149271,"כי תצא תשפ""ה",קצרין
149272,"כי תצא תשפ""ה",גינות דוד בני ברק
149273,"כי תצא תשפ""ה",דמשק אליעזר בני ברק
149274,"כי תצא תשפ""ה",רב חנן בית שמש
149275,"כי תצא תשפ""ה",תכלת מרדכי בית שמש
149276,"כי תצא תשפ""ה",רמת השרון
149277,"כי תצא תשפ""ה",בית שאן
149278,"כי תצא תשפ""ה",יעבץ בני ברק
149279,"כי תצא תשפ""ה",רבי טרפון מודיעין עילי
149280,"כי תצא תשפ""ה",אורליאן בני ברק
149281,"כי תצא תשפ""ה",סולם יעקב ירושליים
149282,"כי תצא תשפ""ה",נגוהות
149283,"כי תצא תשפ""ה",נאות שמחה מודיעין עילי
149284,"כי תצא תשפ""ה",בן קיסמא בית שמש
149285,"כי תצא תשפ""ה",ריש לקיש בית שמש
149286,"כי תצא תשפ""ה",משה רבנו אחיסמך
149287,"כי תצא תשפ""ה",גבעת רונן
149288,"כי תצא תשפ""ה",לואי ליפסקי ירושליים
149289,"כי תצא תשפ""ה",סלומון פתח תקווה
149291,"כי תצא תשפ""ה",סירקין בני ברק
149292,"כי תצא תשפ""ה","גדליה נוימן נווה יעקב "
149293,"כי תצא תשפ""ה",ארץ חפץ ירושליים
149294,"כי תצא תשפ""ה",אלחריזי בית ד' בני ברק
149295,"כי תצא תשפ""ה",קובלסקי בני ברק
149296,"כי תצא תשפ""ה",קרני שומרון
149297,"כי תצא תשפ""ה",רבבה
149298,"כי תצא תשפ""ה",שערי תשובה מודיעין עיל
149299,"כי תצא תשפ""ה",ירמיהו בית שמש
149300,"כי תצא תשפ""ה",קדומים
149301,"כי תצא תשפ""ה",זיו יהודה בני ברק
149302,"כי תצא תשפ""ה",חבקוק בני ברק
149303,"כי תצא תשפ""ה",שעלבים
149304,"כי תצא תשפ""ה",נהרדעא בית שמש
149305,"כי תצא תשפ""ה",צוקרמן נווה יעקב ירושל
149306,"כי תצא תשפ""ה",נרקיסים - נוף הגליל
149307,"כי תצא תשפ""ה",מר עוקבא - בית שמש
149308,"כי תצא תשפ""ה",כרמל - אבני חפץ
149309,"כי תצא תשפ""ה",שילה
149310,"כי תצא תשפ""ה",גן הדסים - מודיעין עיל
149311,"כי תצא תשפ""ה",היכל נפתלי - מודיעין ע
149312,"כי תצא תשפ""ה",שבי שומרון
149313,"כי תצא תשפ""ה",משולם ראט - ירושלים
149314,"כי תצא תשפ""ה",רמת הנביאים בית שמש
149315,"כי תצא תשפ""ה","יביע אומר ביתר עילית "
149316,"כי תצא תשפ""ה",משביע לכל חי ירושליים
149317,"כי תצא תשפ""ה",קרית אונו
149318,"כי תצא תשפ""ה",האמוראים בית שמש
149319,"כי תצא תשפ""ה",נריה
149320,"כי תצא תשפ""ה",הגבעה הצרפתית ירושליים
149321,"כי תצא תשפ""ה",רב עולא בית שמש
149322,"כי תצא תשפ""ה","נצר חזני נתיבות "
149323,"כי תצא תשפ""ה",הרב שך ביתר עילית
149324,"כי תצא תשפ""ה","סוסיא "
149325,"כי תצא תשפ""ה",עליית הנוער עפולה
149326,"כי תצא תשפ""ה","לוחמי הגטאות צפת "
149327,"כי תצא תשפ""ה",הרב פניז'ל נווה יעקב י
149328,"כי תצא תשפ""ה",בת ים
149329,"כי תצא תשפ""ה",לוד
149330,"כי תצא תשפ""ה",ברכיה בית שמש
149331,"כי תצא תשפ""ה",כפר תפוח
149332,"כי תצא תשפ""ה","בעש""ט מודיעין עילית "
149333,"כי תצא תשפ""ה",בן עוזיאל אלעד
149334,"כי תצא תשפ""ה",אהבת ישראל תל ציון (על
149335,"כי תצא תשפ""ה",מבוא חורון
149336,"כי תצא תשפ""ה",עפולה הירוקה
149337,"כי תצא תשפ""ה",בן צבי טבריה
149338,"כי תצא תשפ""ה",טל מנשה
149339,"כי תצא תשפ""ה",הקראוון בני ברק
149340,"כי תצא תשפ""ה",גני גד בני ברק
149341,"כי תצא תשפ""ה",זכריה בני ברק
149342,"כי תצא תשפ""ה",רבנו אשר בני ברק
149343,"כי תצא תשפ""ה",מורדות גילה ירושליים
149344,"כי תצא תשפ""ה",הוילה  בני ברק
149345,"כי תצא תשפ""ה",כנסת יחזקאל ביתר עילית
149346,"כי תצא תשפ""ה","אפרת צפון "
149347,"כי תצא תשפ""ה","בת עין "
149349,"כי תצא תשפ""ה",הורדים רכסים
149350,"כי תצא תשפ""ה",אור הגנוז
149351,"כי תצא תשפ""ה",בית אהרן אשקלון
149352,"כי תצא תשפ""ה",ישמח ישראל ביתר עילית
149353,"כי תצא תשפ""ה",כרמי קטיף
149354,"כי תצא תשפ""ה",הספרייה ירושליים
149355,"כי תצא תשפ""ה",נוקדים
149357,"כי תצא תשפ""ה",זכרון דוד בני ברק
149358,"כי תצא תשפ""ה",חלקיה בר טובי בית שמש
149359,"כי תצא תשפ""ה",גני מודיעין
149362,"כי תצא תשפ""ה",כפר חבד
149363,"כי תצא תשפ""ה",הפלמח ירוחם
149364,"כי תצא תשפ""ה",ישועות משה עפולה עילית
149365,"כי תצא תשפ""ה",עתניאל
149366,"כי תצא תשפ""ה",רב חנינא בית שמש
149367,"כי תצא תשפ""ה",קדושת לוי ביתר עילית
149368,"כי תצא תשפ""ה",מבוא מרגלית ביתר עילית
149369,"כי תצא תשפ""ה","אמרי חיים  בני ברק "
149370,"כי תצא תשפ""ה","שבט הלוי ירושליים "
149371,"כי תצא תשפ""ה",תלמוד בבלי בית שמש
149372,"כי תצא תשפ""ה",נלסון גליק ירושליים
149373,"כי תצא תשפ""ה","אבא שאול ביתר עילית "
149375,"כי תצא תשפ""ה",הר כנען צפת
149377,"כי תצא תשפ""ה",קרית שלום תל אביב
149378,"כי תצא תשפ""ה","נחל'ה קרית מלאכי "
149379,"כי תצא תשפ""ה",אוהב ישראל ביתר עילית
149380,"כי תצא תשפ""ה","האתרוג ביתר עילית "
149381,"כי תצא תשפ""ה","מאור חיים צפת "
149382,"כי תצא תשפ""ה",נוה שרון נתיבות
149383,"כי תצא תשפ""ה",באר מים חיים בני ברק
149384,"כי תצא תשפ""ה",אחיה השילוני בית שמש
149385,"כי תצא תשפ""ה",מרכז שפירא
149386,"כי תצא תשפ""ה",מאיר בלבן נווה יעקב יר
149387,"כי תצא תשפ""ה","מעלות "
149388,"כי תצא תשפ""ה","ברקן קרית גת "
149389,"כי תצא תשפ""ה",מיכשוולי אשדוד
149390,"כי תצא תשפ""ה","יקנעם "
149391,"כי תצא תשפ""ה","עכו "
149392,"כי תצא תשפ""ה",רועי קליין בית שמש
149394,"כי תצא תשפ""ה",נחלאות ירושליים
149397,"כי תצא תשפ""ה",מ פניאל ארוחות
149403,"כי תבוא תשפ""ה",ראשי
149404,"כי תבוא תשפ""ה",אבני נזר מודיעין עילית
149405,"כי תבוא תשפ""ה",יהודה הנשיא מודיעין עי
149406,"כי תבוא תשפ""ה",רבי עקיבא מודיעין עילי
149407,"כי תבוא תשפ""ה",שדרות יחזקאל מודיעין ע
149408,"כי תבוא תשפ""ה",קנה בושם בית שמש
149409,"כי תבוא תשפ""ה",מרומי שדה מודיעין עילי
149410,"כי תבוא תשפ""ה",נאות הפיסגה מודיעין עי
149411,"כי תבוא תשפ""ה",נהר הירדן בית שמש
149412,"כי תבוא תשפ""ה",כולל ברסלב בני ברק
149413,"כי תבוא תשפ""ה",ישיבת מיר
149414,"כי תבוא תשפ""ה",קצות החושן מודיעין עיל
149415,"כי תבוא תשפ""ה",מסילת יוסף מודיעין עיל
149416,"כי תבוא תשפ""ה",ליבו חפץ מודיעין עילית
149417,"כי תבוא תשפ""ה",שכונת אור החיים בני בר
149418,"כי תבוא תשפ""ה",שטרן ירושליים
149419,"כי תבוא תשפ""ה",זנגוויל ירושליים
149420,"כי תבוא תשפ""ה",נווה שאנן חיפה
149421,"כי תבוא תשפ""ה",בעלזא חיפה
149422,"כי תבוא תשפ""ה",גור חיפה
149423,"כי תבוא תשפ""ה",בית תפילה מודיעין עילי
149424,"כי תבוא תשפ""ה",ישעיהו בני ברק
149425,"כי תבוא תשפ""ה",אולסוונגר ירושליים
149426,"כי תבוא תשפ""ה",דולב בית שמש
149427,"כי תבוא תשפ""ה",שאץ בני ברק
149428,"כי תבוא תשפ""ה",אביי ורבא מודיעין עילי
149429,"כי תבוא תשפ""ה",חפציבה מודיעין עילית
149430,"כי תבוא תשפ""ה",נאות יוסף בני ברק
149431,"כי תבוא תשפ""ה",נפש החיים אשדוד
149432,"כי תבוא תשפ""ה",בית שמואל אשדוד
149433,"כי תבוא תשפ""ה",בית חלקיה
149434,"כי תבוא תשפ""ה",גבעת ירושלים בית שמש
149435,"כי תבוא תשפ""ה",קרית מלאכי
149436,"כי תבוא תשפ""ה",הרים לוין אשדוד
149437,"כי תבוא תשפ""ה",החרובים רכסים
149438,"כי תבוא תשפ""ה",התמר ביתר
149439,"כי תבוא תשפ""ה",קרלין מודיעין עילית
149440,"כי תבוא תשפ""ה",רשבי מודיעין עילית
149441,"כי תבוא תשפ""ה",גרין פארק מודיעין עילי
149442,"כי תבוא תשפ""ה",הצבעוני אשדוד
149443,"כי תבוא תשפ""ה",סנהדריה המורחבת ירושלי
149444,"כי תבוא תשפ""ה",חזון איש זכרון יעקב
149445,"כי תבוא תשפ""ה",מחסן
149446,"כי תבוא תשפ""ה",חפץ חיים זכרון יעקב
149447,"כי תבוא תשפ""ה","חידושי הרי""ם בני ברק"
149448,"כי תבוא תשפ""ה",אשל אברהם בני ברק
149449,"כי תבוא תשפ""ה",מעלה אדומים
149450,"כי תבוא תשפ""ה",טלזסטון
149451,"כי תבוא תשפ""ה",בני הישיבות בני ברק
149452,"כי תבוא תשפ""ה",נחל שורק בית שמש
149453,"כי תבוא תשפ""ה",יהלום אופקים
149454,"כי תבוא תשפ""ה",הקריה אופקים
149455,"כי תבוא תשפ""ה",צאלון אופקים
149456,"כי תבוא תשפ""ה",ינאי אשדוד
149457,"כי תבוא תשפ""ה",בית וגן ירושליים
149458,"כי תבוא תשפ""ה",רשבם מודיעין עילית
149459,"כי תבוא תשפ""ה",רוממה ירושליים
149460,"כי תבוא תשפ""ה",חזון דוד מודיעין עילית
149461,"כי תבוא תשפ""ה",תפרח
149462,"כי תבוא תשפ""ה",קרית צאנז נתניה
149463,"כי תבוא תשפ""ה",לב שמחה בית שמש
149464,"כי תבוא תשפ""ה",שמעיה - אלעד
149465,"כי תבוא תשפ""ה",הגבעה תפרח
149466,"כי תבוא תשפ""ה","הרב בנדר ביתר עילית "
149467,"כי תבוא תשפ""ה",עפולה עילית
149468,"כי תבוא תשפ""ה",קרית אתא
149469,"כי תבוא תשפ""ה",הפסגה ירושליים
149470,"כי תבוא תשפ""ה",בר אילן בית שמש
149471,"כי תבוא תשפ""ה",קרית גת
149472,"כי תבוא תשפ""ה",אלומה
149473,"כי תבוא תשפ""ה",בית יוסף בני ברק
149474,"כי תבוא תשפ""ה",דרך החיים- אלעד
149475,"כי תבוא תשפ""ה",גני יצהר- אלעד
149476,"כי תבוא תשפ""ה",מבצע חורב אשדוד
149477,"כי תבוא תשפ""ה",בית ספר טללים - ערד
149478,"כי תבוא תשפ""ה",ויקטור ויוליוס נווה יע
149479,"כי תבוא תשפ""ה",מבוא די זהב ירושליים
149480,"כי תבוא תשפ""ה",פרל בני ברק
149481,"כי תבוא תשפ""ה",רמבם בני ברק
149482,"כי תבוא תשפ""ה",בן זכאי בני ברק
149483,"כי תבוא תשפ""ה",אהרונוסון בני ברק
149484,"כי תבוא תשפ""ה",פאגי ירושליים
149485,"כי תבוא תשפ""ה",גבעה A ביתר
149486,"כי תבוא תשפ""ה",רמות פולין- ירושליים
149487,"כי תבוא תשפ""ה",עפולה גבעת המורה
149488,"כי תבוא תשפ""ה",נווה יעקב-ירושלים
149489,"כי תבוא תשפ""ה",ענתות גבעת זאב
149490,"כי תבוא תשפ""ה",מעונות ויז'ניץ בני ברק
149491,"כי תבוא תשפ""ה",שיכון ו בני ברק
149492,"כי תבוא תשפ""ה",עמוס - דברי שיר בני בר
149493,"כי תבוא תשפ""ה",בתי אבות בני ברק
149494,"כי תבוא תשפ""ה",מבוא שניר קרית גת
149495,"כי תבוא תשפ""ה",רבי יהשוע בית שמש
149496,"כי תבוא תשפ""ה",שמואל הנביא ירושליים
149497,"כי תבוא תשפ""ה",יוכבד בית שמש
149498,"כי תבוא תשפ""ה",שער המלך מודיעין עילית
149499,"כי תבוא תשפ""ה",גבעת שאול - ירושליים
149500,"כי תבוא תשפ""ה",עובדי מחסן
149501,"כי תבוא תשפ""ה",רמת שלמה - ירושליים
149502,"כי תבוא תשפ""ה",הרב קוק - רכסים
149503,"כי תבוא תשפ""ה",אבן גבירול בני ברק
149504,"כי תבוא תשפ""ה",רמת אהרן בני ברק
149505,"כי תבוא תשפ""ה",בית מרגלית בני ברק
149506,"כי תבוא תשפ""ה",סלונים בני ברק
149507,"כי תבוא תשפ""ה",קרית הרצוג בני ברק
149508,"כי תבוא תשפ""ה",פרדס כץ בני ברק
149509,"כי תבוא תשפ""ה","חדרה "
149510,"כי תבוא תשפ""ה",אלנקווה אופקים
149511,"כי תבוא תשפ""ה",עידו הנביא בית שמש
149512,"כי תבוא תשפ""ה",ירוחם
149513,"כי תבוא תשפ""ה",הר יונה נוף הגליל
149514,"כי תבוא תשפ""ה",טבנקין נווה יעקב ירושל
149515,"כי תבוא תשפ""ה",נתיבות שלום מודיעין עי
149516,"כי תבוא תשפ""ה",מנין אברכים בני ברק
149517,"כי תבוא תשפ""ה",משכנות יעקב ירושליים
149518,"כי תבוא תשפ""ה",הרב הירש בני ברק
149519,"כי תבוא תשפ""ה",החלוצים בני ברק
149520,"כי תבוא תשפ""ה",שלב ד בית שמש
149521,"כי תבוא תשפ""ה",עינב
149522,"כי תבוא תשפ""ה","יסודות "
149523,"כי תבוא תשפ""ה",המייסדים כפר אדומים
149524,"כי תבוא תשפ""ה",תל ציון (אהבת ישראל תח
149525,"כי תבוא תשפ""ה","מהרי""ל מודיעין עילית"
149526,"כי תבוא תשפ""ה",דזיקוב בית שמש
149527,"כי תבוא תשפ""ה",בעל הנס אשדוד
149528,"כי תבוא תשפ""ה",החצב רכסים
149529,"כי תבוא תשפ""ה",עטרת שלמה מודיעין עילי
149530,"כי תבוא תשפ""ה",יונה בן אמיתי בית שמש
149531,"כי תבוא תשפ""ה",יד בנימין
149532,"כי תבוא תשפ""ה",הגליל כרמיאל
149533,"כי תבוא תשפ""ה",מינץ ירושליים
149534,"כי תבוא תשפ""ה",מיימון בני ברק
149535,"כי תבוא תשפ""ה",משה סנה נווה יעקב
149536,"כי תבוא תשפ""ה",שאגת אריה מודיעין עילי
149537,"כי תבוא תשפ""ה",שאדיקר נווה יעקב ירושל
149538,"כי תבוא תשפ""ה",זכרון אברהם ירושליים
149539,"כי תבוא תשפ""ה",אהל איתן נווה יעקב ירו
149540,"כי תבוא תשפ""ה",חיל האוויר פסגת זאב
149541,"כי תבוא תשפ""ה",בית יצחק מודיעין עילית
149542,"כי תבוא תשפ""ה",גולאק נווה יעקב ירושלי
149543,"כי תבוא תשפ""ה","אבא אחימאיר נווה יעקב "
149544,"כי תבוא תשפ""ה",נחלת שלמה נתיבות
149545,"כי תבוא תשפ""ה",בית ישראל ירושליים
149546,"כי תבוא תשפ""ה",יבניאל
149547,"כי תבוא תשפ""ה",חטיבת הנגב אשדוד
149548,"כי תבוא תשפ""ה",ברכת משה חיפה
149549,"כי תבוא תשפ""ה",כרמיאל (שכ' הדרומית)
149550,"כי תבוא תשפ""ה","הרי""ף אופקים"
149551,"כי תבוא תשפ""ה",הר חומה ירושליים
149552,"כי תבוא תשפ""ה",נג'ארה ירושליים
149553,"כי תבוא תשפ""ה",דובדבן אופקים
149554,"כי תבוא תשפ""ה",חבל שלום
149555,"כי תבוא תשפ""ה",צפת
149556,"כי תבוא תשפ""ה",טבריה
149557,"כי תבוא תשפ""ה",גילה ירושליים
149558,"כי תבוא תשפ""ה",ראשון לציון
149559,"כי תבוא תשפ""ה",רבנו בחיי בני ברק
149560,"כי תבוא תשפ""ה",גינת יוסף בני ברק
149561,"כי תבוא תשפ""ה",גבעת זאב
149562,"כי תבוא תשפ""ה",רב אשי בני ברק
149563,"כי תבוא תשפ""ה",הרב חיות נווה יעקב ירו
149564,"כי תבוא תשפ""ה",מרים הנביאה בית שמש
149565,"כי תבוא תשפ""ה",ישיבת מצפה יריחו
149566,"כי תבוא תשפ""ה",מישאל מזרחי פסגת זאב
149567,"כי תבוא תשפ""ה",אבי עזרי מודיעין עילית
149568,"כי תבוא תשפ""ה",הרב רביץ נווה יעקב ירו
149569,"כי תבוא תשפ""ה",חריש
149570,"כי תבוא תשפ""ה",מגדל העמק
149571,"כי תבוא תשפ""ה",אמרי בינה ירושליים
149572,"כי תבוא תשפ""ה","רלב""ג בני ברק"
149573,"כי תבוא תשפ""ה",נוף כנרת טבריה
149574,"כי תבוא תשפ""ה",מעלה הזיתים ירושליים
149575,"כי תבוא תשפ""ה",דובר שלום נוף הגליל
149576,"כי תבוא תשפ""ה",בתי הורנשטיין ירושליים
149577,"כי תבוא תשפ""ה",באבוב אלעד
149578,"כי תבוא תשפ""ה",רבנו תם בני ברק
149579,"כי תבוא תשפ""ה",הבוכרים ירושליים
149580,"כי תבוא תשפ""ה",עמנואל
149581,"כי תבוא תשפ""ה",דימונה
149582,"כי תבוא תשפ""ה",מצפה רמון
149583,"כי תבוא תשפ""ה",זאב חקלאי ירושליים
149584,"כי תבוא תשפ""ה",שבט גד אחיסמך
149585,"כי תבוא תשפ""ה",כרם אברהם ירושליים
149586,"כי תבוא תשפ""ה",מינצברג רוני שרון-ירוש
149587,"כי תבוא תשפ""ה",גשר החיים ירושליים
149588,"כי תבוא תשפ""ה",יעקב אלעזר ירושליים
149589,"כי תבוא תשפ""ה",גבעת מרדכי ירושליים
149590,"כי תבוא תשפ""ה",נוה צבי ירושליים
149591,"כי תבוא תשפ""ה","בני אדם "
149592,"כי תבוא תשפ""ה",באר שבע
149593,"כי תבוא תשפ""ה",שפינוזה עפולה
149594,"כי תבוא תשפ""ה",רב זירא בית שמש
149595,"כי תבוא תשפ""ה",שבטי ישראל אחיסמך
149596,"כי תבוא תשפ""ה",מעלות חברון קרית ארבע
149597,"כי תבוא תשפ""ה",קרית מנחם ירושליים
149598,"כי תבוא תשפ""ה",שערי חסד ירושליים
149599,"כי תבוא תשפ""ה",נווה אברהם חיפה
149600,"כי תבוא תשפ""ה",שבט אפרים אחיסמך
149601,"כי תבוא תשפ""ה",איילת השחר בני ברק
149602,"כי תבוא תשפ""ה",אהבת שלום תל ציון
149603,"כי תבוא תשפ""ה",סופה בית אל
149604,"כי תבוא תשפ""ה",חצור הגלילית
149605,"כי תבוא תשפ""ה",עשהאל
149606,"כי תבוא תשפ""ה",אלישע הנביא בית שמש
149607,"כי תבוא תשפ""ה","רש""י ירושליים"
149608,"כי תבוא תשפ""ה",שדרות
149609,"כי תבוא תשפ""ה",עטרת משה בני ברק
149610,"כי תבוא תשפ""ה",רחובות
149611,"כי תבוא תשפ""ה",קהילות יעקב מודיעין עי
149612,"כי תבוא תשפ""ה",האצולה בית שמש
149613,"כי תבוא תשפ""ה",רפפורט ירושליים
149614,"כי תבוא תשפ""ה",קרית שמואל
149615,"כי תבוא תשפ""ה",מיצד
149616,"כי תבוא תשפ""ה",נויפלד בני ברק
149617,"כי תבוא תשפ""ה",רבי מאיר בני ברק
149618,"כי תבוא תשפ""ה",בר יקר נווה יעקב
149619,"כי תבוא תשפ""ה",מאור שרגא - אלעד
149620,"כי תבוא תשפ""ה",קצרין
149621,"כי תבוא תשפ""ה",גינות דוד בני ברק
149622,"כי תבוא תשפ""ה",דמשק אליעזר בני ברק
149623,"כי תבוא תשפ""ה",רב חנן בית שמש
149624,"כי תבוא תשפ""ה",תכלת מרדכי בית שמש
149625,"כי תבוא תשפ""ה",רמת השרון
149626,"כי תבוא תשפ""ה",בית שאן
149627,"כי תבוא תשפ""ה",יעבץ בני ברק
149628,"כי תבוא תשפ""ה",רבי טרפון מודיעין עילי
149629,"כי תבוא תשפ""ה",אורליאן בני ברק
149630,"כי תבוא תשפ""ה",סולם יעקב ירושליים
149631,"כי תבוא תשפ""ה",נגוהות
149632,"כי תבוא תשפ""ה",נאות שמחה מודיעין עילי
149633,"כי תבוא תשפ""ה",בן קיסמא בית שמש
149634,"כי תבוא תשפ""ה",ריש לקיש בית שמש
149635,"כי תבוא תשפ""ה",משה רבנו אחיסמך
149636,"כי תבוא תשפ""ה",גבעת רונן
149637,"כי תבוא תשפ""ה",לואי ליפסקי ירושליים
149638,"כי תבוא תשפ""ה",סלומון פתח תקווה
149639,"כי תבוא תשפ""ה",בני דוד עלי
149640,"כי תבוא תשפ""ה",סירקין בני ברק
149641,"כי תבוא תשפ""ה","גדליה נוימן נווה יעקב "
149642,"כי תבוא תשפ""ה",ארץ חפץ ירושליים
149643,"כי תבוא תשפ""ה",אלחריזי בית ד' בני ברק
149644,"כי תבוא תשפ""ה",קובלסקי בני ברק
149645,"כי תבוא תשפ""ה",קרני שומרון
149646,"כי תבוא תשפ""ה",רבבה
149647,"כי תבוא תשפ""ה",שערי תשובה מודיעין עיל
149648,"כי תבוא תשפ""ה",ירמיהו בית שמש
149649,"כי תבוא תשפ""ה",קדומים
149650,"כי תבוא תשפ""ה",זיו יהודה בני ברק
149651,"כי תבוא תשפ""ה",חבקוק בני ברק
149652,"כי תבוא תשפ""ה",שעלבים
149653,"כי תבוא תשפ""ה",נהרדעא בית שמש
149654,"כי תבוא תשפ""ה",צוקרמן נווה יעקב ירושל
149655,"כי תבוא תשפ""ה",נרקיסים - נוף הגליל
149656,"כי תבוא תשפ""ה",מר עוקבא - בית שמש
149657,"כי תבוא תשפ""ה",כרמל - אבני חפץ
149658,"כי תבוא תשפ""ה",שילה
149659,"כי תבוא תשפ""ה",גן הדסים - מודיעין עיל
149660,"כי תבוא תשפ""ה",היכל נפתלי - מודיעין ע
149661,"כי תבוא תשפ""ה",שבי שומרון
149662,"כי תבוא תשפ""ה",משולם ראט - ירושלים
149663,"כי תבוא תשפ""ה",רמת הנביאים בית שמש
149664,"כי תבוא תשפ""ה","יביע אומר ביתר עילית "
149665,"כי תבוא תשפ""ה",משביע לכל חי ירושליים
149666,"כי תבוא תשפ""ה",קרית אונו
149667,"כי תבוא תשפ""ה",האמוראים בית שמש
149668,"כי תבוא תשפ""ה",נריה
149669,"כי תבוא תשפ""ה",הגבעה הצרפתית ירושליים
149670,"כי תבוא תשפ""ה",רב עולא בית שמש
149671,"כי תבוא תשפ""ה","נצר חזני נתיבות "
149672,"כי תבוא תשפ""ה",הרב שך ביתר עילית
149673,"כי תבוא תשפ""ה","סוסיא "
149674,"כי תבוא תשפ""ה",עליית הנוער עפולה
149675,"כי תבוא תשפ""ה","לוחמי הגטאות צפת "
149676,"כי תבוא תשפ""ה",הרב פניז'ל נווה יעקב י
149677,"כי תבוא תשפ""ה",בת ים
149678,"כי תבוא תשפ""ה",לוד
149679,"כי תבוא תשפ""ה",ברכיה בית שמש
149680,"כי תבוא תשפ""ה",כפר תפוח
149681,"כי תבוא תשפ""ה","בעש""ט מודיעין עילית "
149682,"כי תבוא תשפ""ה",בן עוזיאל אלעד
149683,"כי תבוא תשפ""ה",אהבת ישראל תל ציון (על
149684,"כי תבוא תשפ""ה",מבוא חורון
149685,"כי תבוא תשפ""ה",עפולה הירוקה
149686,"כי תבוא תשפ""ה",בן צבי טבריה
149687,"כי תבוא תשפ""ה",טל מנשה
149688,"כי תבוא תשפ""ה",הקראוון בני ברק
149689,"כי תבוא תשפ""ה",גני גד בני ברק
149690,"כי תבוא תשפ""ה",זכריה בני ברק
149691,"כי תבוא תשפ""ה",רבנו אשר בני ברק
149692,"כי תבוא תשפ""ה",מורדות גילה ירושליים
149693,"כי תבוא תשפ""ה",הוילה  בני ברק
149694,"כי תבוא תשפ""ה",כנסת יחזקאל ביתר עילית
149695,"כי תבוא תשפ""ה","אפרת צפון "
149696,"כי תבוא תשפ""ה","בת עין "
149697,"כי תבוא תשפ""ה","מצפה נבו מעלה אדומים "
149698,"כי תבוא תשפ""ה",הורדים רכסים
149699,"כי תבוא תשפ""ה",אור הגנוז
149700,"כי תבוא תשפ""ה",בית אהרן אשקלון
149701,"כי תבוא תשפ""ה",ישמח ישראל ביתר עילית
149702,"כי תבוא תשפ""ה",כרמי קטיף
149703,"כי תבוא תשפ""ה",הספרייה ירושליים
149704,"כי תבוא תשפ""ה",נוקדים
149705,"כי תבוא תשפ""ה",מתחם הסופרים בני ברק
149706,"כי תבוא תשפ""ה",זכרון דוד בני ברק
149707,"כי תבוא תשפ""ה",חלקיה בר טובי בית שמש
149708,"כי תבוא תשפ""ה",גני מודיעין
149709,"כי תבוא תשפ""ה",גבעת הראה
149710,"כי תבוא תשפ""ה",ברוכין
149711,"כי תבוא תשפ""ה",כפר חבד
149712,"כי תבוא תשפ""ה",הפלמח ירוחם
149713,"כי תבוא תשפ""ה",ישועות משה עפולה עילית
149714,"כי תבוא תשפ""ה",עתניאל
149715,"כי תבוא תשפ""ה",רב חנינא בית שמש
149716,"כי תבוא תשפ""ה",קדושת לוי ביתר עילית
149717,"כי תבוא תשפ""ה",מבוא מרגלית ביתר עילית
149718,"כי תבוא תשפ""ה","אמרי חיים  בני ברק "
149719,"כי תבוא תשפ""ה","שבט הלוי ירושליים "
149720,"כי תבוא תשפ""ה",תלמוד בבלי בית שמש
149721,"כי תבוא תשפ""ה",נלסון גליק ירושליים
149722,"כי תבוא תשפ""ה","אבא שאול ביתר עילית "
149723,"כי תבוא תשפ""ה",מעלה אפרים
149724,"כי תבוא תשפ""ה",הר כנען צפת
149725,"כי תבוא תשפ""ה",רמלה
149726,"כי תבוא תשפ""ה",קרית שלום תל אביב
149727,"כי תבוא תשפ""ה","נחל'ה קרית מלאכי "
149728,"כי תבוא תשפ""ה",אוהב ישראל ביתר עילית
149729,"כי תבוא תשפ""ה","האתרוג ביתר עילית "
149730,"כי תבוא תשפ""ה","מאור חיים צפת "
149731,"כי תבוא תשפ""ה",נוה שרון נתיבות
149732,"כי תבוא תשפ""ה",באר מים חיים בני ברק
149733,"כי תבוא תשפ""ה",אחיה השילוני בית שמש
149734,"כי תבוא תשפ""ה",מרכז שפירא
149735,"כי תבוא תשפ""ה",מאיר בלבן נווה יעקב יר
149736,"כי תבוא תשפ""ה","מעלות "
149737,"כי תבוא תשפ""ה","ברקן קרית גת "
149738,"כי תבוא תשפ""ה",מיכשוולי אשדוד
149739,"כי תבוא תשפ""ה","יקנעם "
149740,"כי תבוא תשפ""ה","עכו "
149741,"כי תבוא תשפ""ה",רועי קליין בית שמש
149742,"כי תבוא תשפ""ה",בית אביגדור אשדוד
149743,"כי תבוא תשפ""ה",נחלאות ירושליים
149746,"כי תבוא תשפ""ה",מ מאור אליהו
149748,"כי תבוא תשפ""ה",קייטי מרקט האמוראים בי
149749,"כי תבוא תשפ""ה","קייטי מרקט רב חנן בית "
149750,"כי תבוא תשפ""ה",קייטי מרקט ריש לקיש בי
149751,"כי תבוא תשפ""ה","מרלוג חנויות "
149752,"כי תבוא תשפ""ה",קייטי מרקט חריש
149753,דפנות ושולחנות תשפה,כולל ברסלב בני ברק
149754,דפנות ושולחנות תשפה,שכונת אור החיים בני בר
149755,דפנות ושולחנות תשפה,ישעיהו בני ברק
149756,דפנות ושולחנות תשפה,שאץ בני ברק
149757,דפנות ושולחנות תשפה,נאות יוסף בני ברק
149758,דפנות ושולחנות תשפה,"חידושי הרי""ם בני ברק"
149759,דפנות ושולחנות תשפה,אשל אברהם בני ברק
149760,דפנות ושולחנות תשפה,בני הישיבות בני ברק
149761,דפנות ושולחנות תשפה,קרית צאנז נתניה
149762,דפנות ושולחנות תשפה,עפולה עילית
149763,דפנות ושולחנות תשפה,בית יוסף בני ברק
149764,דפנות ושולחנות תשפה,פרל בני ברק
149765,דפנות ושולחנות תשפה,רמבם בני ברק
149766,דפנות ושולחנות תשפה,בן זכאי בני ברק
149767,דפנות ושולחנות תשפה,אהרונוסון בני ברק
149768,דפנות ושולחנות תשפה,עפולה גבעת המורה
149769,דפנות ושולחנות תשפה,מעונות ויז'ניץ בני ברק
149770,דפנות ושולחנות תשפה,שיכון ו בני ברק
149771,דפנות ושולחנות תשפה,עמוס - דברי שיר בני בר
149772,דפנות ושולחנות תשפה,בתי אבות בני ברק
149773,דפנות ושולחנות תשפה,אבן גבירול בני ברק
149774,דפנות ושולחנות תשפה,רמת אהרן בני ברק
149775,דפנות ושולחנות תשפה,בית מרגלית בני ברק
149776,דפנות ושולחנות תשפה,סלונים בני ברק
149777,דפנות ושולחנות תשפה,קרית הרצוג בני ברק
149778,דפנות ושולחנות תשפה,פרדס כץ בני ברק
149779,דפנות ושולחנות תשפה,הר יונה נוף הגליל
149780,דפנות ושולחנות תשפה,מנין אברכים בני ברק
149781,דפנות ושולחנות תשפה,הרב הירש בני ברק
149782,דפנות ושולחנות תשפה,החלוצים בני ברק
149783,דפנות ושולחנות תשפה,עינב
149784,דפנות ושולחנות תשפה,הגליל כרמיאל
149785,דפנות ושולחנות תשפה,מיימון בני ברק
149786,דפנות ושולחנות תשפה,יבניאל
149787,דפנות ושולחנות תשפה,כרמיאל (שכ' הדרומית)
149788,דפנות ושולחנות תשפה,צפת
149789,דפנות ושולחנות תשפה,טבריה
149790,דפנות ושולחנות תשפה,רבנו בחיי בני ברק
149791,דפנות ושולחנות תשפה,גינת יוסף בני ברק
149792,דפנות ושולחנות תשפה,רב אשי בני ברק
149793,דפנות ושולחנות תשפה,מגדל העמק
149794,דפנות ושולחנות תשפה,"רלב""ג בני ברק"
149795,דפנות ושולחנות תשפה,נוף כנרת טבריה
149796,דפנות ושולחנות תשפה,דובר שלום נוף הגליל
149797,דפנות ושולחנות תשפה,רבנו תם בני ברק
149798,דפנות ושולחנות תשפה,עמנואל
149799,דפנות ושולחנות תשפה,שפינוזה עפולה
149800,דפנות ושולחנות תשפה,איילת השחר בני ברק
149801,דפנות ושולחנות תשפה,חצור הגלילית
149802,דפנות ושולחנות תשפה,עטרת משה בני ברק
149803,דפנות ושולחנות תשפה,רחובות
149804,דפנות ושולחנות תשפה,נויפלד בני ברק
149805,דפנות ושולחנות תשפה,רבי מאיר בני ברק
149806,דפנות ושולחנות תשפה,קצרין
149807,דפנות ושולחנות תשפה,גינות דוד בני ברק
149808,דפנות ושולחנות תשפה,דמשק אליעזר בני ברק
149809,דפנות ושולחנות תשפה,רמת השרון
149810,דפנות ושולחנות תשפה,בית שאן
149811,דפנות ושולחנות תשפה,יעבץ בני ברק
149812,דפנות ושולחנות תשפה,אורליאן בני ברק
149813,דפנות ושולחנות תשפה,גבעת רונן
149814,דפנות ושולחנות תשפה,סלומון פתח תקווה
149815,דפנות ושולחנות תשפה,סירקין בני ברק
149816,דפנות ושולחנות תשפה,אלחריזי בית ד' בני ברק
149817,דפנות ושולחנות תשפה,קובלסקי בני ברק
149818,דפנות ושולחנות תשפה,קרני שומרון
149819,דפנות ושולחנות תשפה,קדומים
149820,דפנות ושולחנות תשפה,זיו יהודה בני ברק
149821,דפנות ושולחנות תשפה,חבקוק בני ברק
149822,דפנות ושולחנות תשפה,נרקיסים - נוף הגליל
149823,דפנות ושולחנות תשפה,כרמל - אבני חפץ
149824,דפנות ושולחנות תשפה,שבי שומרון
149825,דפנות ושולחנות תשפה,קרית אונו
149826,דפנות ושולחנות תשפה,עליית הנוער עפולה
149827,דפנות ושולחנות תשפה,"לוחמי הגטאות צפת "
149828,דפנות ושולחנות תשפה,בת ים
149829,דפנות ושולחנות תשפה,עפולה הירוקה
149830,דפנות ושולחנות תשפה,בן צבי טבריה
149831,דפנות ושולחנות תשפה,הקראוון בני ברק
149832,דפנות ושולחנות תשפה,גני גד בני ברק
149833,דפנות ושולחנות תשפה,זכריה בני ברק
149834,דפנות ושולחנות תשפה,רבנו אשר בני ברק
149835,דפנות ושולחנות תשפה,הוילה  בני ברק
149836,דפנות ושולחנות תשפה,אור הגנוז
149837,דפנות ושולחנות תשפה,מתחם הסופרים בני ברק
149838,דפנות ושולחנות תשפה,זכרון דוד בני ברק
149839,דפנות ושולחנות תשפה,ישועות משה עפולה עילית
149840,דפנות ושולחנות תשפה,"אמרי חיים  בני ברק "
149841,דפנות ושולחנות תשפה,הר כנען צפת
149842,דפנות ושולחנות תשפה,קרית שלום תל אביב
149843,דפנות ושולחנות תשפה,"מאור חיים צפת "
149844,דפנות ושולחנות תשפה,באר מים חיים בני ברק
149845,דפנות ושולחנות תשפה,"מעלות "
150201,"ד מינים תשפ""ו",אבני נזר מודיעין עילית
150202,"ד מינים תשפ""ו",יהודה הנשיא מודיעין עי
150203,"ד מינים תשפ""ו",רבי עקיבא מודיעין עילי
150204,"ד מינים תשפ""ו",שדרות יחזקאל מודיעין ע
150206,"ד מינים תשפ""ו",מרומי שדה מודיעין עילי
150207,"ד מינים תשפ""ו",נאות הפיסגה מודיעין עי
150208,"ד מינים תשפ""ו",נהר הירדן בית שמש
150209,"ד מינים תשפ""ו",כולל ברסלב בני ברק
150212,"ד מינים תשפ""ו",מסילת יוסף מודיעין עיל
150214,"ד מינים תשפ""ו",שכונת אור החיים בני בר
150217,"ד מינים תשפ""ו",נווה שאנן חיפה
150218,"ד מינים תשפ""ו",בעלזא חיפה
150221,"ד מינים תשפ""ו",ישעיהו בני ברק
150222,"ד מינים תשפ""ו",אולסוונגר ירושליים
150224,"ד מינים תשפ""ו",שאץ בני ברק
150225,"ד מינים תשפ""ו",אביי ורבא מודיעין עילי
150228,"ד מינים תשפ""ו",נפש החיים אשדוד
150229,"ד מינים תשפ""ו",בית שמואל אשדוד
150230,"ד מינים תשפ""ו",בית חלקיה
150231,"ד מינים תשפ""ו",גבעת ירושלים בית שמש
150234,"ד מינים תשפ""ו",החרובים רכסים
150235,"ד מינים תשפ""ו",התמר ביתר
150236,"ד מינים תשפ""ו",קרלין מודיעין עילית
150237,"ד מינים תשפ""ו",רשבי מודיעין עילית
150238,"ד מינים תשפ""ו",גרין פארק מודיעין עילי
150240,"ד מינים תשפ""ו",סנהדריה המורחבת ירושלי
150244,"ד מינים תשפ""ו","חידושי הרי""ם בני ברק"
150245,"ד מינים תשפ""ו",אשל אברהם בני ברק
150247,"ד מינים תשפ""ו",טלזסטון
150254,"ד מינים תשפ""ו",בית וגן ירושליים
150256,"ד מינים תשפ""ו",רוממה ירושליים
150257,"ד מינים תשפ""ו",חזון דוד מודיעין עילית
150259,"ד מינים תשפ""ו",קרית צאנז נתניה
150261,"ד מינים תשפ""ו",שמעיה - אלעד
150264,"ד מינים תשפ""ו",עפולה עילית
150266,"ד מינים תשפ""ו",הפסגה ירושליים
150267,"ד מינים תשפ""ו",בר אילן בית שמש
150268,"ד מינים תשפ""ו",קרית גת
150270,"ד מינים תשפ""ו",בית יוסף בני ברק
150272,"ד מינים תשפ""ו",גני יצהר- אלעד
150280,"ד מינים תשפ""ו",אהרונוסון בני ברק
150282,"ד מינים תשפ""ו",גבעה A ביתר
150284,"ד מינים תשפ""ו",עפולה גבעת המורה
150290,"ד מינים תשפ""ו",בתי אבות בני ברק
150294,"ד מינים תשפ""ו",יוכבד בית שמש
150295,"ד מינים תשפ""ו",שער המלך מודיעין עילית
150296,"ד מינים תשפ""ו",גבעת שאול - ירושליים
150300,"ד מינים תשפ""ו",אבן גבירול בני ברק
150302,"ד מינים תשפ""ו",בית מרגלית בני ברק
150304,"ד מינים תשפ""ו",קרית הרצוג בני ברק
150305,"ד מינים תשפ""ו",פרדס כץ בני ברק
150309,"ד מינים תשפ""ו",ירוחם
150310,"ד מינים תשפ""ו",הר יונה נוף הגליל
150312,"ד מינים תשפ""ו",נתיבות שלום מודיעין עי
150313,"ד מינים תשפ""ו",מנין אברכים בני ברק
150314,"ד מינים תשפ""ו",משכנות יעקב ירושליים
150315,"ד מינים תשפ""ו",הרב הירש בני ברק
150316,"ד מינים תשפ""ו",החלוצים בני ברק
150322,"ד מינים תשפ""ו","מהרי""ל מודיעין עילית"
150325,"ד מינים תשפ""ו",החצב רכסים
150327,"ד מינים תשפ""ו",יונה בן אמיתי בית שמש
150329,"ד מינים תשפ""ו",הגליל כרמיאל
150333,"ד מינים תשפ""ו",שאגת אריה מודיעין עילי
150335,"ד מינים תשפ""ו",זכרון אברהם ירושליים
150339,"ד מינים תשפ""ו",גולאק נווה יעקב ירושלי
150344,"ד מינים תשפ""ו",חטיבת הנגב אשדוד
150345,"ד מינים תשפ""ו",ברכת משה חיפה
150346,"ד מינים תשפ""ו",כרמיאל (שכ' הדרומית)
150350,"ד מינים תשפ""ו",דובדבן אופקים
150352,"ד מינים תשפ""ו",צפת
150355,"ד מינים תשפ""ו",ראשון לציון
150357,"ד מינים תשפ""ו",גינת יוסף בני ברק
150358,"ד מינים תשפ""ו",גבעת זאב
150360,"ד מינים תשפ""ו",הרב חיות נווה יעקב ירו
150361,"ד מינים תשפ""ו",מרים הנביאה בית שמש
150363,"ד מינים תשפ""ו",מישאל מזרחי פסגת זאב
150364,"ד מינים תשפ""ו",אבי עזרי מודיעין עילית
150366,"ד מינים תשפ""ו",חריש
150370,"ד מינים תשפ""ו",נוף כנרת טבריה
150372,"ד מינים תשפ""ו",דובר שלום נוף הגליל
150374,"ד מינים תשפ""ו",באבוב אלעד
150378,"ד מינים תשפ""ו",דימונה
150380,"ד מינים תשפ""ו",זאב חקלאי ירושליים
150383,"ד מינים תשפ""ו",מינצברג רוני שרון-ירוש
150384,"ד מינים תשפ""ו",גשר החיים ירושליים
150385,"ד מינים תשפ""ו",יעקב אלעזר ירושליים
150389,"ד מינים תשפ""ו",באר שבע
150392,"ד מינים תשפ""ו",שבטי ישראל אחיסמך
150395,"ד מינים תשפ""ו",שערי חסד ירושליים
150397,"ד מינים תשפ""ו",שבט אפרים אחיסמך
150398,"ד מינים תשפ""ו",איילת השחר בני ברק
150403,"ד מינים תשפ""ו",אלישע הנביא בית שמש
150406,"ד מינים תשפ""ו",עטרת משה בני ברק
150409,"ד מינים תשפ""ו",האצולה בית שמש
150414,"ד מינים תשפ""ו",רבי מאיר בני ברק
150415,"ד מינים תשפ""ו",בר יקר נווה יעקב
150418,"ד מינים תשפ""ו",גינות דוד בני ברק
150420,"ד מינים תשפ""ו",רב חנן בית שמש
150432,"ד מינים תשפ""ו",משה רבנו אחיסמך
150444,"ד מינים תשפ""ו",שערי תשובה מודיעין עיל
150445,"ד מינים תשפ""ו",ירמיהו בית שמש
150448,"ד מינים תשפ""ו",חבקוק בני ברק
150459,"ד מינים תשפ""ו",משולם ראט - ירושלים
150464,"ד מינים תשפ""ו",האמוראים בית שמש
150471,"ד מינים תשפ""ו",עליית הנוער עפולה
150472,"ד מינים תשפ""ו","לוחמי הגטאות צפת "
150479,"ד מינים תשפ""ו",בן עוזיאל אלעד
150482,"ד מינים תשפ""ו",עפולה הירוקה
150488,"ד מינים תשפ""ו",רבנו אשר בני ברק
150490,"ד מינים תשפ""ו",הוילה  בני ברק
150495,"ד מינים תשפ""ו",הורדים רכסים
150498,"ד מינים תשפ""ו",ישמח ישראל ביתר עילית
150514,"ד מינים תשפ""ו",מבוא מרגלית ביתר עילית
150517,"ד מינים תשפ""ו",תלמוד בבלי בית שמש
150525,"ד מינים תשפ""ו",אוהב ישראל ביתר עילית
150526,"ד מינים תשפ""ו","האתרוג ביתר עילית "
150529,"ד מינים תשפ""ו",באר מים חיים בני ברק
